Zone,Sex,Cancer,Years,PopTot,Cases,AAIR,LCI,UCI,W_PopTot,W_Cases,W_AAIR,W_LCI,W_UCI,B_PopTot,B_Cases,B_AAIR,B_LCI,B_UCI
Statewide,Both,AllSite,05yrs,23126262,120829,475.7,473,478.4,13930420,83386,479.7,476.4,483.1,7523094,33699,495.9,490.4,501.5
Nationwide,Both,AllSite,05yrs,1581534421,7835266,437.5,437.2,437.8,1003578378,6027609,452.8,452.5,453.2,204332467,840085,451.3,450.3,452.3
A9010,Both,AllSite,05yrs,316394,1702,447,425.4,469.6,207391,1265,449.1,423.5,476,86956,394,456.1,411.3,504.4
A9013,Both,AllSite,05yrs,300620,1398,467.3,442.9,492.8,210982,1117,477.3,449.4,506.4,58714,223,448.4,387.4,516
A9017,Both,AllSite,05yrs,314711,1804,491.2,468.2,515.1,138925,951,508.1,475.3,542.7,166179,843,493,459.1,528.7
A9020,Both,AllSite,05yrs,329288,1637,484.4,460.7,509,73493,576,462.6,422.7,505.9,243898,1045,509.2,477,542.8
A9034,Both,AllSite,05yrs,313318,1751,469.2,446.9,492.4,182547,1164,458.9,431.9,487.3,117246,567,519.2,476,565.3
A9038,Both,AllSite,05yrs,316397,1496,441.2,418.8,464.5,217421,1157,445.3,419.6,472.2,75005,287,450.3,397.6,507.7
Statewide,Female,AllSite,05yrs,11816700,56096,415.3,411.8,418.8,7072836,38489,424.9,420.5,429.3,3948962,15802,417.3,410.7,424.1
Nationwide,Female,AllSite,05yrs,803387471,3880760,409.3,408.9,409.7,509396407,2961489,428.1,427.6,428.6,106649302,414511,397.2,395.9,398.4
A9010,Female,AllSite,05yrs,166106,817,390.8,363.1,420.1,109118,617,401.2,367.8,437.1,46287,175,367.4,313.7,427.7
A9013,Female,AllSite,05yrs,150180,656,414.1,382.5,447.5,105236,514,422.3,385.9,461.2,30177,113,415.9,337.6,506.6
A9017,Female,AllSite,05yrs,161828,835,428,398.5,459,69394,429,454.3,410.5,501.7,87644,399,417.7,376.5,462.2
A9020,Female,AllSite,05yrs,178654,809,421.4,392.3,452.1,38058,279,420.9,366.9,481.9,134785,522,436.7,398.7,477.3
A9034,Female,AllSite,05yrs,162192,822,413.4,384.7,443.7,93315,533,405.1,369.5,443.5,62191,280,462.3,408.4,521.3
A9038,Female,AllSite,05yrs,162039,739,403.1,374.1,433.8,109821,558,405.5,371.8,441.7,40405,143,395.1,331.3,467.4
Statewide,Male,AllSite,05yrs,11309562,64733,557,552.6,561.5,6857584,44897,552.8,547.6,558.1,3574132,17897,608.5,599,618.2
Nationwide,Male,AllSite,05yrs,778146950,3954506,479.2,478.7,479.7,494181971,3066120,490.1,489.5,490.6,97683165,425574,531.7,530,533.4
A9010,Male,AllSite,05yrs,150288,885,530.4,495.3,567.4,98273,648,522.6,482,565.9,40669,219,577.2,500.9,661.6
A9013,Male,AllSite,05yrs,150440,742,535.1,496.7,575.7,105746,603,545.7,502.6,591.7,28537,110,489.3,394.5,599.3
A9017,Male,AllSite,05yrs,152883,969,576,538.8,615.1,69531,522,578.3,528.1,632.3,78534,444,602.2,543.8,665
A9020,Male,AllSite,05yrs,150634,828,576.5,536.5,618.7,35435,297,526.3,465.6,594,109113,523,618.6,561.5,679.5
A9034,Male,AllSite,05yrs,151126,929,542.5,507,580,89232,631,533.4,491.1,578.7,55056,287,591.2,521.2,667.7
A9038,Male,AllSite,05yrs,154358,757,501.6,465.3,539.9,107600,599,510.7,469.5,554.7,34600,144,526.3,437.9,626.6
Statewide,Male,Prostate,05yrs,11309562,16936,137.4,135.2,139.5,6857584,10613,121.9,119.5,124.3,3574132,5843,191.8,186.6,197.1
Nationwide,Male,Prostate,05yrs,778146950,953896,108.8,108.6,109,494181971,687983,101.9,101.7,102.2,97683165,149117,177.9,176.9,178.8
A9010,Male,Prostate,05yrs,150288,233,134.1,117.2,153,98273,169,131.5,112,153.7,40669,62,158.3,120.3,204.4
A9013,Male,Prostate,05yrs,150440,173,121.3,103.6,141.1,105746,119,104.9,86.8,125.8,28537,48,203.7,144.3,278.6
A9017,Male,Prostate,05yrs,152883,241,139.4,121.6,159,69531,110,114.5,93.4,139.3,78534,131,181,149.4,217.3
A9020,Male,Prostate,05yrs,150634,218,143.8,124.7,165.1,35435,71,117.4,91.3,150.3,109113,145,160.3,133,191.4
A9034,Male,Prostate,05yrs,151126,238,129.8,113.3,148.1,89232,151,116.3,98,137.5,55056,85,178.4,140.5,223.1
A9038,Male,Prostate,05yrs,154358,175,107.9,92.1,125.6,107600,127,98.5,81.8,117.9,34600,47,181.6,129.6,246.3
Statewide,Both,Lung,05yrs,23126262,17574,68.8,67.8,69.8,13930420,12377,69.2,68,70.5,7523094,4816,72.7,70.5,74.8
Nationwide,Both,Lung,05yrs,1581534421,1058089,58.6,58.5,58.7,1003578378,867124,62.6,62.5,62.7,204332467,110723,62,61.6,62.4
A9010,Both,Lung,05yrs,316394,250,62.7,55,71.2,207391,182,61.2,52.4,71.1,86956,64,71,54.5,91.1
A9013,Both,Lung,05yrs,300620,234,78.4,68.6,89.2,210982,199,83.3,72.1,95.9,58714,25,47.4,29.9,71.6
A9017,Both,Lung,05yrs,314711,295,79.2,70.2,89,138925,174,88.8,75.9,103.5,166179,121,71,58.5,85.4
A9020,Both,Lung,05yrs,329288,255,74.8,65.7,84.8,73493,87,62.6,49.7,78.8,243898,168,85.3,72.1,100.1
A9034,Both,Lung,05yrs,313318,252,66,57.9,74.9,182547,172,65.1,55.6,76,117246,79,67.9,53.3,85.3
A9038,Both,Lung,05yrs,316397,209,61.4,53.2,70.4,217421,161,60.8,51.7,71.2,75005,44,67.4,48.1,91.6
Statewide,Female,Lung,05yrs,11816700,7606,54.4,53.2,55.6,7072836,5597,58,56.5,59.6,3948962,1850,49.1,46.8,51.4
Nationwide,Female,Lung,05yrs,803387471,502006,50.9,50.8,51.1,509396407,415766,55.7,55.6,55.9,106649302,49602,48.2,47.8,48.6
A9010,Female,Lung,05yrs,166106,107,47.2,38.5,57.4,109118,78,46.1,36.2,58.2,46287,27,52.1,34,76.6
A9013,Female,Lung,05yrs,150180,110,68.4,56.1,82.7,105236,95,75.5,61,92.7,30177,,,,
A9017,Female,Lung,05yrs,161828,126,61.9,51.4,74.1,69394,77,76.5,60.1,96.5,87644,49,50.5,37.1,67.2
A9020,Female,Lung,05yrs,178654,114,56.2,46.2,67.7,38058,44,58.2,41.7,81.6,134785,70,59.3,45.6,75.7
A9034,Female,Lung,05yrs,162192,110,53.5,43.7,64.9,93315,86,59.3,47.1,74.2,62191,24,40,25.3,60.1
A9038,Female,Lung,05yrs,162039,104,54.1,44.1,65.7,109821,87,58.6,46.8,72.7,40405,16,39.9,22.5,65.7
Statewide,Male,Lung,05yrs,11309562,9968,87.6,85.8,89.4,6857584,6780,83.7,81.7,85.8,3574132,2966,106.4,102.4,110.6
Nationwide,Male,Lung,05yrs,778146950,556083,68.7,68.5,68.9,494181971,451358,71.6,71.4,71.8,97683165,61121,82.3,81.6,83
A9010,Male,Lung,05yrs,150288,143,84,70.6,99.3,98273,104,82,66.7,100,40669,37,96.3,66.9,134.2
A9013,Male,Lung,05yrs,150440,124,90.7,75.2,108.3,105746,104,93.1,76,113.1,28537,,,,
A9017,Male,Lung,05yrs,152883,169,101.2,86,118.4,69531,97,104.4,84.2,128.4,78534,72,99.5,76.5,127
A9020,Male,Lung,05yrs,150634,141,102.9,86.1,122.1,35435,43,72.5,52,100.2,109113,98,125.6,99.6,155.7
A9034,Male,Lung,05yrs,151126,142,81.5,68.2,96.7,89232,86,73,58,90.9,55056,55,104.9,77.7,138.4
A9038,Male,Lung,05yrs,154358,105,72.6,58.9,88.4,107600,74,66.3,51.6,83.9,34600,28,108.2,69,160.4
Statewide,Female,Breast,05yrs,11816700,16700,124,122.1,126,7072836,11074,122.6,120.3,125,3948962,5116,134.1,130.4,138
Nationwide,Female,Breast,05yrs,803387471,1169318,124.4,124.2,124.7,509396407,884850,129.8,129.5,130.1,106649302,132901,126.1,125.5,126.8
A9010,Female,Breast,05yrs,166106,235,115.4,100.3,132.3,109118,182,121.4,102.9,142.6,46287,44,96.3,69.2,130.4
A9013,Female,Breast,05yrs,150180,183,115.4,99,133.7,105236,131,108.8,90.6,129.6,30177,45,158.9,113.2,216.9
A9017,Female,Breast,05yrs,161828,242,121.5,106.2,138.3,69394,120,125.5,103.2,151.6,87644,120,121.3,100.1,145.9
A9020,Female,Breast,05yrs,178654,243,128.9,112.9,146.6,38058,67,113.2,83.9,150.4,134785,172,138.5,118,161.6
A9034,Female,Breast,05yrs,162192,242,122.2,106.8,139.3,93315,144,108.9,90.9,129.7,62191,96,156.7,126.2,192.2
A9038,Female,Breast,05yrs,162039,219,120,104.4,137.4,109821,162,118.5,100.5,138.9,40405,48,126.3,92.3,168.7
Statewide,Both,CRC,05yrs,23126262,11733,46.5,45.6,47.3,13930420,7623,43.9,42.9,45,7523094,3752,56.1,54.3,58
Nationwide,Both,CRC,05yrs,1581534421,692746,38.8,38.7,38.9,1003578378,516280,38.6,38.5,38.7,204332467,83723,46.1,45.7,46.4
A9010,Both,CRC,05yrs,316394,153,40,33.7,47.1,207391,99,33.8,27.2,41.8,86956,52,63.2,47,83.2
A9013,Both,CRC,05yrs,300620,128,43.3,36,51.5,210982,103,44.7,36.4,54.4,58714,24,51.2,31.3,78.5
A9017,Both,CRC,05yrs,314711,189,51.2,44,59.3,138925,66,34.6,26.5,44.6,166179,123,72.6,59.9,87.1
A9020,Both,CRC,05yrs,329288,163,48.7,41.4,57,73493,51,45.9,32.8,62.9,243898,112,52.4,42.7,63.6
A9034,Both,CRC,05yrs,313318,177,49.1,41.9,57.1,182547,109,44.3,36.1,54,117246,66,62.1,47.6,79.5
A9038,Both,CRC,05yrs,316397,136,40.5,33.9,48,217421,102,39.7,32.3,48.4,75005,30,49.1,32.6,70.7
Statewide,Female,CRC,05yrs,11816700,5447,39.9,38.9,41,7072836,3461,37.4,36.1,38.7,3948962,1829,48.6,46.3,50.9
Nationwide,Female,CRC,05yrs,803387471,329693,33.9,33.8,34,509396407,245345,33.8,33.6,33.9,106649302,41648,40.2,39.8,40.6
A9010,Female,CRC,05yrs,166106,80,38.4,30.1,48.4,109118,51,31.8,23.2,43,46287,28,60.8,40.2,88.3
A9013,Female,CRC,05yrs,150180,55,34.3,25.7,44.8,105236,45,35.9,26.1,48.5,30177,,,,
A9017,Female,CRC,05yrs,161828,91,45.5,36.4,56.3,69394,24,23.3,14.8,35.8,87644,67,69.9,53.7,89.4
A9020,Female,CRC,05yrs,178654,78,41.7,32.8,52.2,38058,26,44.7,26.5,71.6,134785,52,44.4,32.8,58.7
A9034,Female,CRC,05yrs,162192,90,45.6,36.4,56.6,93315,52,39.9,29.2,53.4,62191,38,62.7,44,86.7
A9038,Female,CRC,05yrs,162039,56,30.8,23.2,40.2,109821,47,34.1,24.9,45.9,40405,,,,
Statewide,Male,CRC,05yrs,11309562,6286,54.8,53.4,56.3,6857584,4162,52,50.4,53.6,3574132,1923,67,63.8,70.3
Nationwide,Male,CRC,05yrs,778146950,363053,44.7,44.6,44.9,494181971,270935,44.2,44,44.3,97683165,42075,54.4,53.8,54.9
A9010,Male,CRC,05yrs,150288,73,43.6,34,55.1,98273,48,36.9,26.9,49.7,40669,24,70.8,44.8,105.8
A9013,Male,CRC,05yrs,150440,73,54.3,42.4,68.5,105746,58,55.1,41.7,71.4,28537,,,,
A9017,Male,CRC,05yrs,152883,98,57.4,46.2,70.5,69531,42,46.3,33,63.6,78534,56,75.9,56.2,100.2
A9020,Male,CRC,05yrs,150634,85,57.6,45.6,71.7,35435,25,48.2,30,74.5,109113,60,62.3,46.8,81.4
A9034,Male,CRC,05yrs,151126,87,53.1,42.2,66,89232,57,50.3,37.7,66.2,55056,28,58.9,38.3,86.4
A9038,Male,CRC,05yrs,154358,80,53.7,42.2,67.2,107600,55,48.3,36.1,63.4,34600,24,92.3,57.3,140
Statewide,Both,Kidney,05yrs,23126262,5485,21.6,21.1,22.2,13930420,3899,22.6,21.9,23.4,7523094,1429,21,19.9,22.2
Nationwide,Both,Kidney,05yrs,1581534421,290966,16.2,16.2,16.3,1003578378,216981,16.4,16.4,16.5,204332467,34410,18.2,18,18.4
A9010,Both,Kidney,05yrs,316394,59,15.6,11.8,20.4,207391,46,17.3,12.4,23.6,86956,,,,
A9013,Both,Kidney,05yrs,300620,59,19.3,14.7,25,210982,46,19.7,14.4,26.5,58714,,,,
A9017,Both,Kidney,05yrs,314711,82,22.2,17.5,27.7,138925,47,24.2,17.6,32.7,166179,35,21,14.4,29.5
A9020,Both,Kidney,05yrs,329288,64,18.7,14.3,24,73493,21,16.2,9.9,26.2,243898,43,21,14.9,28.6
A9034,Both,Kidney,05yrs,313318,78,21.6,17,27.2,182547,56,23,17.1,30.3,117246,21,19.3,11.7,29.9
A9038,Both,Kidney,05yrs,316397,60,17,12.9,21.9,217421,49,18.4,13.5,24.5,75005,,,,
Statewide,Female,Kidney,05yrs,11816700,2120,15.6,14.9,16.3,7072836,1466,16.2,15.4,17.1,3948962,590,15.4,14.1,16.7
Nationwide,Female,Kidney,05yrs,803387471,107599,11.3,11.3,11.4,509396407,78487,11.3,11.2,11.4,106649302,13537,12.9,12.7,13.1
A9010,Female,Kidney,05yrs,166106,19,9,5.2,14.6,109118,16,11,5.8,19,46287,,,,
A9013,Female,Kidney,05yrs,150180,19,11.7,7,18.5,105236,,,,,30177,,,,
A9017,Female,Kidney,05yrs,161828,32,17.3,11.6,24.7,69394,19,20.5,12,33.1,87644,,,,
A9020,Female,Kidney,05yrs,178654,26,13.5,8.7,20,38058,,,,,134785,,,,
A9034,Female,Kidney,05yrs,162192,28,14.3,9.4,21,93315,21,17.8,10.6,28.2,62191,,,,
A9038,Female,Kidney,05yrs,162039,20,10.2,6.2,16,109821,,,,,40405,,,,
Statewide,Male,Kidney,05yrs,11309562,3365,28.7,27.7,29.8,6857584,2433,29.9,28.7,31.2,3574132,839,28.4,26.4,30.5
Nationwide,Male,Kidney,05yrs,778146950,183367,22,21.9,22.1,494181971,138494,22.3,22.1,22.4,97683165,20873,25.1,24.7,25.4
A9010,Male,Kidney,05yrs,150288,40,23.7,16.7,32.5,98273,30,25,16.6,36.4,40669,,,,
A9013,Male,Kidney,05yrs,150440,40,28.2,20.1,38.6,105746,33,29.3,20.1,41.4,28537,,,,
A9017,Male,Kidney,05yrs,152883,50,27.8,20.5,37.2,69531,28,28.4,18.7,42,78534,22,28,17,43.4
A9020,Male,Kidney,05yrs,150634,38,24.9,17.4,34.5,35435,,,,,109113,29,31.7,20.6,46.6
A9034,Male,Kidney,05yrs,151126,50,30.5,22.3,40.6,89232,35,28.9,19.9,41.1,55056,,,,
A9038,Male,Kidney,05yrs,154358,40,25.4,18,35,107600,35,29.3,20.2,41.3,34600,,,,
Statewide,Both,NHL,05yrs,23126262,4918,19.9,19.3,20.4,13930420,3732,21.7,21,22.5,7523094,1004,14.8,13.9,15.8
Nationwide,Both,NHL,05yrs,1581534421,339866,19.3,19.2,19.3,1003578378,266329,20.1,20.1,20.2,204332467,26642,14.3,14.2,14.5
A9010,Both,NHL,05yrs,316394,75,20.4,15.9,25.9,207391,55,20.7,15.2,27.5,86956,,,,
A9013,Both,NHL,05yrs,300620,62,21.6,16.5,27.7,210982,55,23.9,17.9,31.2,58714,,,,
A9017,Both,NHL,05yrs,314711,66,18.5,14.1,23.7,138925,39,21.3,15,29.6,166179,27,15.6,10.1,23
A9020,Both,NHL,05yrs,329288,55,17.4,13,22.7,73493,20,16.4,9.6,27,243898,32,16,10.7,22.8
A9034,Both,NHL,05yrs,313318,67,17.8,13.7,22.8,182547,51,19.4,14.3,25.9,117246,,,,
A9038,Both,NHL,05yrs,316397,62,18.5,14.1,23.8,217421,48,17.6,12.9,23.5,75005,,,,
Statewide,Female,NHL,05yrs,11816700,2244,16.6,15.9,17.3,7072836,1710,18.3,17.5,19.3,3948962,451,12,10.9,13.2
Nationwide,Female,NHL,05yrs,803387471,153737,16,15.9,16.1,509396407,119092,16.6,16.5,16.7,106649302,12683,12.2,12,12.4
A9010,Female,NHL,05yrs,166106,31,15.4,10.2,22.5,109118,26,18.5,11.4,28.6,46287,,,,
A9013,Female,NHL,05yrs,150180,27,18,11.8,26.2,105236,22,18.4,11.4,28.1,30177,,,,
A9017,Female,NHL,05yrs,161828,23,11.8,7.3,18,69394,,,,,87644,,,,
A9020,Female,NHL,05yrs,178654,26,14,9.1,20.6,38058,,,,,134785,,,,
A9034,Female,NHL,05yrs,162192,33,15.7,10.7,22.3,93315,24,16.7,10.6,25.7,62191,,,,
A9038,Female,NHL,05yrs,162039,28,15.1,10,22,109821,21,13.9,8.6,21.7,40405,,,,
Statewide,Male,NHL,05yrs,11309562,2674,23.8,22.9,24.8,6857584,2022,25.8,24.6,27,3574132,553,18.5,16.8,20.2
Nationwide,Male,NHL,05yrs,778146950,186129,23.3,23.2,23.4,494181971,147237,24.4,24.3,24.5,97683165,13959,17.1,16.8,17.4
A9010,Male,NHL,05yrs,150288,44,27.2,19.6,36.8,98273,29,24.2,15.9,35.5,40669,,,,
A9013,Male,NHL,05yrs,150440,35,25.3,17.6,35.3,105746,33,29.7,20.4,41.9,28537,,,,
A9017,Male,NHL,05yrs,152883,43,27.4,19.5,37.4,69531,28,35.2,23,51.7,78534,,,,
A9020,Male,NHL,05yrs,150634,29,21.4,14.1,31,35435,,,,,109113,18,20,11.3,32.8
A9034,Male,NHL,05yrs,151126,34,20,13.7,28.4,89232,27,22.5,14.5,33.6,55056,,,,
A9038,Male,NHL,05yrs,154358,34,22.8,15.6,32.2,107600,27,22.7,14.7,33.5,34600,,,,
Statewide,Both,Urinary,05yrs,23126262,4613,18.5,18,19.1,13930420,3806,21.6,20.9,22.3,7523094,691,11.2,10.4,12.1
Nationwide,Both,Urinary,05yrs,1581534421,362572,20.3,20.2,20.4,1003578378,314903,22.8,22.7,22.9,204332467,19933,11.8,11.6,12
A9010,Both,Urinary,05yrs,316394,59,14.7,11.1,19.1,207391,54,17.7,13.2,23.5,86956,,,,
A9013,Both,Urinary,05yrs,300620,48,16.4,12.1,21.8,210982,43,18.7,13.5,25.3,58714,,,,
A9017,Both,Urinary,05yrs,314711,52,14.4,10.7,19.1,138925,43,22.3,16,30.5,166179,,,,
A9020,Both,Urinary,05yrs,329288,43,13.4,9.6,18.1,73493,21,15.4,9.2,25.3,243898,21,12,7.2,18.6
A9034,Both,Urinary,05yrs,313318,70,18.4,14.2,23.4,182547,61,22.9,17.4,29.9,117246,,,,
A9038,Both,Urinary,05yrs,316397,60,17.8,13.6,23.1,217421,56,20.6,15.5,27,75005,,,,
Statewide,Female,Urinary,05yrs,11816700,1056,7.6,7.2,8.1,7072836,808,8.4,7.8,9,3948962,217,6.2,5.4,7.1
Nationwide,Female,Urinary,05yrs,803387471,86815,8.7,8.6,8.8,509396407,73275,9.6,9.6,9.7,106649302,6437,6.5,6.4,6.7
A9010,Female,Urinary,05yrs,166106,,,,,109118,,,,,46287,,,,
A9013,Female,Urinary,05yrs,150180,,,,,105236,,,,,30177,,,,
A9017,Female,Urinary,05yrs,161828,,,,,69394,,,,,87644,,,,
A9020,Female,Urinary,05yrs,178654,16,8.3,4.7,13.6,38058,,,,,134785,,,,
A9034,Female,Urinary,05yrs,162192,17,7.1,4,11.7,93315,,,,,62191,,,,
A9038,Female,Urinary,05yrs,162039,,,,,109821,,,,,40405,,,,
Statewide,Male,Urinary,05yrs,11309562,3557,32.9,31.8,34.1,6857584,2998,38.3,36.9,39.7,3574132,474,18.5,16.8,20.4
Nationwide,Male,Urinary,05yrs,778146950,275757,35.4,35.2,35.5,494181971,241628,39.4,39.3,39.6,97683165,13496,19.8,19.4,20.1
A9010,Male,Urinary,05yrs,150288,45,27.4,19.9,36.9,98273,41,32.5,23.2,44.7,40669,,,,
A9013,Male,Urinary,05yrs,150440,36,26.5,18.4,36.7,105746,32,29.5,20.1,41.8,28537,,,,
A9017,Male,Urinary,05yrs,152883,39,25.1,17.6,34.8,69531,34,37.8,25.9,53.8,78534,,,,
A9020,Male,Urinary,05yrs,150634,27,20.8,13.5,30.5,35435,17,29.7,17,50.3,109113,,,,
A9034,Male,Urinary,05yrs,151126,53,32.7,24.2,43.2,89232,49,42.6,31.1,57.2,55056,,,,
A9038,Male,Urinary,05yrs,154358,45,32.7,23.5,44.1,107600,43,38.3,27.3,52.1,34600,,,,
Statewide,Both,Mela,05yrs,23126262,4167,17,16.5,17.5,13930420,4029,24.4,23.6,25.1,7523094,65,1.1,0.8,1.4
Nationwide,Both,Mela,05yrs,1581534421,373823,21.4,21.3,21.4,1003578378,346893,27.4,27.3,27.5,204332467,1789,1,1,1.1
A9010,Both,Mela,05yrs,316394,63,17.7,13.4,22.9,207391,63,25.1,19,32.6,86956,,,,
A9013,Both,Mela,05yrs,300620,43,14.7,10.6,19.9,210982,41,17.8,12.7,24.2,58714,,,,
A9017,Both,Mela,05yrs,314711,40,10.9,7.8,15,138925,38,20.4,14.3,28.5,166179,,,,
A9020,Both,Mela,05yrs,329288,22,7.1,4.4,10.8,73493,21,16.1,9.5,26.7,243898,,,,
A9034,Both,Mela,05yrs,313318,50,14.2,10.4,18.8,182547,48,21.3,15.4,28.8,117246,,,,
A9038,Both,Mela,05yrs,316397,68,21.1,16.3,26.8,217421,67,27.7,21.3,35.4,75005,,,,
Statewide,Female,Mela,05yrs,11816700,1527,11.9,11.3,12.5,7072836,1457,17.7,16.7,18.6,3948962,34,1,0.7,1.3
Nationwide,Female,Mela,05yrs,803387471,153522,16.9,16.8,17,509396407,140158,22.3,22.2,22.4,106649302,952,0.9,0.9,1
A9010,Female,Mela,05yrs,166106,25,12.9,8.2,19.4,109118,25,18.8,11.7,28.6,46287,,,,
A9013,Female,Mela,05yrs,150180,,,,,105236,,,,,30177,,,,
A9017,Female,Mela,05yrs,161828,,,,,69394,,,,,87644,,,,
A9020,Female,Mela,05yrs,178654,,,,,38058,,,,,134785,,,,
A9034,Female,Mela,05yrs,162192,21,11,6.7,17.2,93315,20,17.9,10.5,28.6,62191,,,,
A9038,Female,Mela,05yrs,162039,27,16.1,10.6,23.6,109821,26,21.9,14.1,32.4,40405,,,,
Statewide,Male,Mela,05yrs,11309562,2640,24,23,24.9,6857584,2572,33.1,31.8,34.5,3574132,31,1.2,0.8,1.7
Nationwide,Male,Mela,05yrs,778146950,220301,27.5,27.3,27.6,494181971,206735,34.2,34.1,34.4,97683165,837,1.1,1,1.2
A9010,Male,Mela,05yrs,150288,38,24.5,17.2,33.9,98273,38,34,23.7,47.3,40669,,,,
A9013,Male,Mela,05yrs,150440,30,23.3,15.6,33.4,105746,28,26.6,17.6,38.6,28537,,,,
A9017,Male,Mela,05yrs,152883,27,17.7,11.4,26.2,69531,26,31,19.9,46.3,78534,,,,
A9020,Male,Mela,05yrs,150634,,,,,35435,,,,,109113,,,,
A9034,Male,Mela,05yrs,151126,29,19.1,12.6,27.6,89232,28,27.2,17.7,40,55056,,,,
A9038,Male,Mela,05yrs,154358,41,27.8,19.7,38,107600,41,35.3,25.1,48.4,34600,,,,
Statewide,Both,Pancreas,05yrs,23126262,3623,14.4,13.9,14.9,13930420,2480,14,13.5,14.6,7523094,1046,16.4,15.4,17.4
Nationwide,Both,Pancreas,05yrs,1581534421,218928,12.1,12.1,12.2,1003578378,166805,12.1,12,12.1,204332467,26760,15.2,15,15.3
A9010,Both,Pancreas,05yrs,316394,44,10.5,7.6,14.3,207391,35,10.9,7.6,15.6,86956,,,,
A9013,Both,Pancreas,05yrs,300620,38,13,9.2,17.9,210982,35,14.8,10.3,20.7,58714,,,,
A9017,Both,Pancreas,05yrs,314711,52,14.5,10.8,19.2,138925,28,14.9,9.8,22,166179,23,14.2,8.9,21.6
A9020,Both,Pancreas,05yrs,329288,58,18.1,13.7,23.5,73493,24,17.2,10.8,27.2,243898,33,20.3,13.6,28.8
A9034,Both,Pancreas,05yrs,313318,54,15.1,11.3,19.9,182547,33,13,8.8,18.6,117246,21,21.7,13.2,33.2
A9038,Both,Pancreas,05yrs,316397,50,14.7,10.8,19.5,217421,36,13.5,9.4,18.9,75005,,,,
Statewide,Female,Pancreas,05yrs,11816700,1772,12.7,12.1,13.3,7072836,1176,12.1,11.5,12.9,3948962,541,14.8,13.5,16.1
Nationwide,Female,Pancreas,05yrs,803387471,106161,10.7,10.6,10.7,509396407,78982,10.4,10.3,10.5,106649302,14354,14.2,13.9,14.4
A9010,Female,Pancreas,05yrs,166106,22,9.5,5.9,14.9,109118,17,9.8,5.6,16.5,46287,,,,
A9013,Female,Pancreas,05yrs,150180,22,13.6,8.5,20.7,105236,20,15.2,9.3,23.8,30177,,,,
A9017,Female,Pancreas,05yrs,161828,22,10.9,6.8,16.7,69394,,,,,87644,,,,
A9020,Female,Pancreas,05yrs,178654,30,15.6,10.5,22.4,38058,,,,,134785,17,17.3,9.9,27.8
A9034,Female,Pancreas,05yrs,162192,24,12.4,7.8,18.8,93315,,,,,62191,,,,
A9038,Female,Pancreas,05yrs,162039,27,14.1,9.2,20.7,109821,18,12.4,7.2,20.1,40405,,,,
Statewide,Male,Pancreas,05yrs,11309562,1851,16.4,15.7,17.2,6857584,1304,16.3,15.4,17.2,3574132,505,18.3,16.6,20.1
Nationwide,Male,Pancreas,05yrs,778146950,112767,13.8,13.7,13.9,494181971,87823,14,13.9,14,97683165,12406,16.4,16,16.7
A9010,Male,Pancreas,05yrs,150288,22,12.4,7.7,19,98273,18,13,7.6,21.2,40669,,,,
A9013,Male,Pancreas,05yrs,150440,16,12.3,6.9,20,105746,,,,,28537,,,,
A9017,Male,Pancreas,05yrs,152883,30,19.1,12.7,27.6,69531,16,18.5,10.3,31,78534,,,,
A9020,Male,Pancreas,05yrs,150634,28,21.4,14,31.2,35435,,,,,109113,16,24.6,12.9,41.3
A9034,Male,Pancreas,05yrs,151126,30,19.2,12.8,27.7,89232,22,19.8,12.2,30.6,55056,,,,
A9038,Male,Pancreas,05yrs,154358,23,15.3,9.5,23.2,107600,18,15.4,9,24.6,34600,,,,
Statewide,Both,Leuks,05yrs,23126262,3374,13.9,13.4,14.4,13930420,2560,15.4,14.8,16.1,7523094,695,10.3,9.5,11.1
Nationwide,Both,Leuks,05yrs,1581534421,240589,13.9,13.8,13.9,1003578378,187125,14.6,14.5,14.7,204332467,19530,10.7,10.6,10.9
A9010,Both,Leuks,05yrs,316394,70,18.3,14.1,23.3,207391,57,19.3,14.4,25.5,86956,,,,
A9013,Both,Leuks,05yrs,300620,46,15.2,11.1,20.3,210982,39,16.7,11.8,23,58714,,,,
A9017,Both,Leuks,05yrs,314711,49,14,10.3,18.6,138925,37,21.6,15,30.3,166179,,,,
A9020,Both,Leuks,05yrs,329288,36,10.8,7.5,15,73493,16,11.9,6.5,21.2,243898,20,10.8,6.3,17
A9034,Both,Leuks,05yrs,313318,51,14,10.4,18.6,182547,42,16.7,11.8,23,117246,,,,
A9038,Both,Leuks,05yrs,316397,42,12.9,9.2,17.4,217421,37,15.1,10.6,20.9,75005,,,,
Statewide,Female,Leuks,05yrs,11816700,1451,10.9,10.3,11.5,7072836,1083,12.2,11.4,12.9,3948962,320,8.4,7.4,9.3
Nationwide,Female,Leuks,05yrs,803387471,100636,10.8,10.7,10.9,509396407,76606,11.2,11.2,11.3,106649302,9067,8.8,8.6,9
A9010,Female,Leuks,05yrs,166106,23,10.7,6.6,16.5,109118,17,10.5,5.7,18,46287,,,,
A9013,Female,Leuks,05yrs,150180,23,15.3,9.6,23,105236,17,15.4,8.8,24.9,30177,,,,
A9017,Female,Leuks,05yrs,161828,22,11.4,7.1,17.5,69394,18,19.6,11.3,31.9,87644,,,,
A9020,Female,Leuks,05yrs,178654,16,7.9,4.5,12.9,38058,,,,,134785,,,,
A9034,Female,Leuks,05yrs,162192,23,12,7.5,18.3,93315,18,13.4,7.7,22.1,62191,,,,
A9038,Female,Leuks,05yrs,162039,,,,,109821,,,,,40405,,,,
Statewide,Male,Leuks,05yrs,11309562,1923,17.7,16.9,18.5,6857584,1477,19.5,18.5,20.6,3574132,375,13,11.6,14.5
Nationwide,Male,Leuks,05yrs,778146950,139953,17.7,17.6,17.8,494181971,110519,18.7,18.6,18.8,97683165,10463,13.5,13.2,13.8
A9010,Male,Leuks,05yrs,150288,47,28.9,21.1,38.7,98273,40,31.6,22.4,43.7,40669,,,,
A9013,Male,Leuks,05yrs,150440,23,15.8,9.9,23.8,105746,22,18.9,11.8,28.9,28537,,,,
A9017,Male,Leuks,05yrs,152883,27,17,11,25.1,69531,19,23.9,14,38.4,78534,,,,
A9020,Male,Leuks,05yrs,150634,20,15.4,9.2,23.9,35435,,,,,109113,,,,
A9034,Male,Leuks,05yrs,151126,28,16.7,10.9,24.4,89232,24,21,13.2,32.2,55056,,,,
A9038,Male,Leuks,05yrs,154358,28,20.2,13.2,29.4,107600,26,24.3,15.7,36,34600,,,,
Statewide,Both,Oral,05yrs,23126262,3400,13.1,12.6,13.5,13930420,2569,14.6,14,15.1,7523094,731,10,9.3,10.8
Nationwide,Both,Oral,05yrs,1581534421,212365,11.6,11.5,11.6,1003578378,171895,12.7,12.6,12.7,204332467,17968,9.2,9,9.3
A9010,Both,Oral,05yrs,316394,40,12.1,8.5,16.6,207391,22,9.2,5.7,14.2,86956,17,20.9,11.9,33.7
A9013,Both,Oral,05yrs,300620,49,16.4,12.1,21.7,210982,43,18.2,13.1,24.7,58714,,,,
A9017,Both,Oral,05yrs,314711,55,14.3,10.7,18.7,138925,32,17.4,11.8,25.1,166179,23,11.5,7.1,17.6
A9020,Both,Oral,05yrs,329288,63,17.8,13.6,22.9,73493,30,27.2,17.7,40.5,243898,33,14.8,10,21
A9034,Both,Oral,05yrs,313318,53,13.6,10.1,17.9,182547,43,17,12.1,23.4,117246,,,,
A9038,Both,Oral,05yrs,316397,46,12.9,9.4,17.3,217421,42,15.7,11.2,21.4,75005,,,,
Statewide,Female,Oral,05yrs,11816700,890,6.5,6.1,7,7072836,671,7.3,6.8,7.9,3948962,191,4.9,4.2,5.6
Nationwide,Female,Oral,05yrs,803387471,61393,6.4,6.3,6.4,509396407,48500,6.8,6.8,6.9,106649302,5516,5.1,5,5.3
A9010,Female,Oral,05yrs,166106,,,,,109118,,,,,46287,,,,
A9013,Female,Oral,05yrs,150180,,,,,105236,,,,,30177,,,,
A9017,Female,Oral,05yrs,161828,,,,,69394,,,,,87644,,,,
A9020,Female,Oral,05yrs,178654,,,,,38058,,,,,134785,,,,
A9034,Female,Oral,05yrs,162192,,,,,93315,,,,,62191,,,,
A9038,Female,Oral,05yrs,162039,,,,,109821,,,,,40405,,,,
Statewide,Male,Oral,05yrs,11309562,2510,20.7,19.8,21.5,6857584,1898,22.7,21.6,23.7,3574132,540,16.6,15.1,18.1
Nationwide,Male,Oral,05yrs,778146950,150972,17.5,17.4,17.6,494181971,123395,19.2,19.1,19.3,97683165,12452,14.5,14.2,14.7
A9010,Male,Oral,05yrs,150288,29,19.1,12.6,27.6,98273,,,,,40669,,,,
A9013,Male,Oral,05yrs,150440,34,23.7,16.4,33.3,105746,28,24.4,16.1,35.5,28537,,,,
A9017,Male,Oral,05yrs,152883,44,23.5,16.9,32,69531,25,27.2,17.3,41.2,78534,19,20.2,11.9,32.6
A9020,Male,Oral,05yrs,150634,52,33.3,24.7,44.1,35435,25,47.1,29.7,72.2,109113,27,29.9,19.1,44.4
A9034,Male,Oral,05yrs,151126,40,21.2,14.9,29.3,89232,31,24.8,16.5,36.1,55056,,,,
A9038,Male,Oral,05yrs,154358,34,20.5,14,29.1,107600,32,25.3,17,36.3,34600,,,,
Statewide,Both,Thyroid,05yrs,23126262,3314,13.8,13.3,14.3,13930420,2461,16,15.3,16.6,7523094,672,9.6,8.9,10.4
Nationwide,Both,Thyroid,05yrs,1581534421,239084,14.5,14.4,14.5,1003578378,172739,15.6,15.5,15.7,204332467,18228,9.4,9.3,9.5
A9010,Both,Thyroid,05yrs,316394,47,14.2,10.3,19,207391,37,16,11,22.5,86956,,,,
A9013,Both,Thyroid,05yrs,300620,40,13.2,9.3,18,210982,30,13.5,9,19.4,58714,,,,
A9017,Both,Thyroid,05yrs,314711,55,16.9,12.6,22.2,138925,36,22.9,15.7,32.2,166179,17,10.9,6.1,17.7
A9020,Both,Thyroid,05yrs,329288,39,11.6,8.2,16.1,73493,18,18.2,10.1,30.5,243898,20,8.8,5.2,13.8
A9034,Both,Thyroid,05yrs,313318,42,12,8.5,16.3,182547,26,11.8,7.5,17.7,117246,,,,
A9038,Both,Thyroid,05yrs,316397,69,20.6,15.9,26.2,217421,53,21.6,16,28.5,75005,,,,
Statewide,Female,Thyroid,05yrs,11816700,2503,20.3,19.5,21.1,7072836,1817,23.6,22.4,24.7,3948962,555,14.7,13.5,16
Nationwide,Female,Thyroid,05yrs,803387471,179850,21.5,21.4,21.6,509396407,126476,23,22.9,23.1,106649302,14867,14.1,13.9,14.3
A9010,Female,Thyroid,05yrs,166106,33,18,12.1,25.7,109118,27,21.2,13.5,31.7,46287,,,,
A9013,Female,Thyroid,05yrs,150180,31,20,13.4,28.6,105236,22,19.9,12.3,30.5,30177,,,,
A9017,Female,Thyroid,05yrs,161828,47,28.5,20.6,38.3,69394,30,40.3,26.5,58.6,87644,,,,
A9020,Female,Thyroid,05yrs,178654,32,17.1,11.5,24.4,38058,,,,,134785,19,14.2,8.4,22.6
A9034,Female,Thyroid,05yrs,162192,34,19,13,26.9,93315,21,19.5,11.7,30.7,62191,,,,
A9038,Female,Thyroid,05yrs,162039,56,31.7,23.8,41.5,109821,42,33,23.4,45.2,40405,,,,
Statewide,Male,Thyroid,05yrs,11309562,811,6.9,6.4,7.4,6857584,644,8.2,7.6,8.9,3574132,117,3.6,3,4.4
Nationwide,Male,Thyroid,05yrs,778146950,59234,7.3,7.2,7.3,494181971,46263,8.1,8.1,8.2,97683165,3361,3.9,3.8,4.1
A9010,Male,Thyroid,05yrs,150288,,,,,98273,,,,,40669,,,,
A9013,Male,Thyroid,05yrs,150440,,,,,105746,,,,,28537,,,,
A9017,Male,Thyroid,05yrs,152883,,,,,69531,,,,,78534,,,,
A9020,Male,Thyroid,05yrs,150634,,,,,35435,,,,,109113,,,,
A9034,Male,Thyroid,05yrs,151126,,,,,89232,,,,,55056,,,,
A9038,Male,Thyroid,05yrs,154358,,,,,107600,,,,,34600,,,,
Statewide,Female,Uterine,05yrs,11816700,2744,19.7,18.9,20.4,7072836,1758,19,18.1,19.9,3948962,877,22.1,20.7,23.7
Nationwide,Female,Uterine,05yrs,803387471,256986,26.1,26,26.3,509396407,193051,26.8,26.7,26.9,106649302,28214,26.1,25.7,26.4
A9010,Female,Uterine,05yrs,166106,48,20.9,15.3,28.2,109118,33,19.9,13.4,28.9,46287,,,,
A9013,Female,Uterine,05yrs,150180,30,18.3,12.3,26.4,105236,24,19.4,12.3,29.2,30177,,,,
A9017,Female,Uterine,05yrs,161828,45,21.4,15.4,29.1,69394,22,23.1,14.1,36.1,87644,23,21,13.1,32.2
A9020,Female,Uterine,05yrs,178654,61,29.8,22.7,38.5,38058,24,36.7,22.7,58.4,134785,37,28,19.5,38.9
A9034,Female,Uterine,05yrs,162192,43,20.7,14.8,28.2,93315,19,12.6,7.5,20.6,62191,22,35.6,22,54.5
A9038,Female,Uterine,05yrs,162039,24,13.7,8.7,20.5,109821,,,,,40405,,,,
Statewide,Both,Liver,05yrs,23126262,2510,9.2,8.8,9.5,13930420,1419,7.7,7.3,8.1,7523094,926,12.1,11.3,12.9
Nationwide,Both,Liver,05yrs,1581534421,145314,7.7,7.7,7.7,1003578378,89724,6.4,6.3,6.4,204332467,20965,10.2,10.1,10.4
A9010,Both,Liver,05yrs,316394,35,8.8,6.1,12.4,207391,23,7.7,4.8,12,86956,,,,
A9013,Both,Liver,05yrs,300620,22,6.7,4.2,10.3,210982,22,8.9,5.6,13.6,58714,,,,
A9017,Both,Liver,05yrs,314711,46,11.9,8.6,16.1,138925,,,,,166179,33,17.8,12,25.5
A9020,Both,Liver,05yrs,329288,38,10.4,7.3,14.5,73493,,,,,243898,30,13,8.6,18.9
A9034,Both,Liver,05yrs,313318,25,6.2,4,9.3,182547,,,,,117246,,,,
A9038,Both,Liver,05yrs,316397,23,6.5,4.1,9.9,217421,17,6.5,3.7,10.6,75005,,,,
Statewide,Female,Liver,05yrs,11816700,540,3.9,3.5,4.2,7072836,324,3.4,3,3.8,3948962,176,4.5,3.8,5.2
Nationwide,Female,Liver,05yrs,803387471,40603,4.1,4.1,4.1,509396407,24761,3.4,3.3,3.4,106649302,5511,5,4.9,5.2
A9010,Female,Liver,05yrs,166106,,,,,109118,,,,,46287,,,,
A9013,Female,Liver,05yrs,150180,,,,,105236,,,,,30177,,,,
A9017,Female,Liver,05yrs,161828,,,,,69394,,,,,87644,,,,
A9020,Female,Liver,05yrs,178654,,,,,38058,,,,,134785,,,,
A9034,Female,Liver,05yrs,162192,,,,,93315,,,,,62191,,,,
A9038,Female,Liver,05yrs,162039,,,,,109821,,,,,40405,,,,
Statewide,Male,Liver,05yrs,11309562,1970,15.2,14.6,16,6857584,1095,12.4,11.7,13.2,3574132,750,21.6,20,23.4
Nationwide,Male,Liver,05yrs,778146950,104711,11.8,11.7,11.9,494181971,64963,9.7,9.6,9.8,97683165,15454,16.8,16.5,17.1
A9010,Male,Liver,05yrs,150288,29,16.5,11,24,98273,19,15.1,9,24.1,40669,,,,
A9013,Male,Liver,05yrs,150440,19,12.5,7.5,19.7,105746,19,16.2,9.7,25.6,28537,,,,
A9017,Male,Liver,05yrs,152883,38,19.8,13.8,27.6,69531,,,,,78534,27,31.5,20.2,47
A9020,Male,Liver,05yrs,150634,26,15.7,10.2,23.4,35435,,,,,109113,21,20.6,12.5,32.2
A9034,Male,Liver,05yrs,151126,20,10.4,6.3,16.5,89232,,,,,55056,,,,
A9038,Male,Liver,05yrs,154358,21,13.3,8,20.6,107600,16,13.3,7.4,22.1,34600,,,,
Statewide,Both,Stomach,05yrs,23126262,1834,7.3,7,7.7,13930420,976,5.6,5.3,6,7523094,757,11.8,10.9,12.7
Nationwide,Both,Stomach,05yrs,1581534421,116166,6.5,6.5,6.6,1003578378,72869,5.4,5.3,5.4,204332467,17631,10.1,9.9,10.2
A9010,Both,Stomach,05yrs,316394,30,7.7,5.1,11.3,207391,,,,,86956,,,,
A9013,Both,Stomach,05yrs,300620,19,6.5,3.9,10.2,210982,,,,,58714,,,,
A9017,Both,Stomach,05yrs,314711,23,5.9,3.7,9,138925,,,,,166179,,,,
A9020,Both,Stomach,05yrs,329288,33,9.9,6.8,14,73493,,,,,243898,23,12.4,7.7,18.9
A9034,Both,Stomach,05yrs,313318,29,8.2,5.4,12,182547,,,,,117246,,,,
A9038,Both,Stomach,05yrs,316397,20,5.3,3.2,8.3,217421,,,,,75005,,,,
Statewide,Female,Stomach,05yrs,11816700,664,4.9,4.5,5.3,7072836,320,3.4,3.1,3.8,3948962,303,8.3,7.4,9.4
Nationwide,Female,Stomach,05yrs,803387471,43924,4.6,4.5,4.6,509396407,25296,3.4,3.4,3.5,106649302,7578,7.6,7.4,7.7
A9010,Female,Stomach,05yrs,166106,,,,,109118,,,,,46287,,,,
A9013,Female,Stomach,05yrs,150180,,,,,105236,,,,,30177,,,,
A9017,Female,Stomach,05yrs,161828,,,,,69394,,,,,87644,,,,
A9020,Female,Stomach,05yrs,178654,,,,,38058,,,,,134785,,,,
A9034,Female,Stomach,05yrs,162192,,,,,93315,,,,,62191,,,,
A9038,Female,Stomach,05yrs,162039,,,,,109821,,,,,40405,,,,
Statewide,Male,Stomach,05yrs,11309562,1170,10.4,9.8,11,6857584,656,8.3,7.7,9,3574132,454,16.5,14.9,18.2
Nationwide,Male,Stomach,05yrs,778146950,72242,9,8.9,9,494181971,47573,7.7,7.6,7.7,97683165,10053,13.7,13.5,14
A9010,Male,Stomach,05yrs,150288,16,9.7,5.5,16,98273,,,,,40669,,,,
A9013,Male,Stomach,05yrs,150440,,,,,105746,,,,,28537,,,,
A9017,Male,Stomach,05yrs,152883,,,,,69531,,,,,78534,,,,
A9020,Male,Stomach,05yrs,150634,18,14.1,8.2,22.4,35435,,,,,109113,,,,
A9034,Male,Stomach,05yrs,151126,,,,,89232,,,,,55056,,,,
A9038,Male,Stomach,05yrs,154358,,,,,107600,,,,,34600,,,,
Statewide,Both,Myeloma,05yrs,23126262,1960,7.8,7.4,8.1,13930420,1071,6.1,5.7,6.4,7523094,835,13,12.1,13.9
Nationwide,Both,Myeloma,05yrs,1581534421,119439,6.6,6.6,6.7,1003578378,80457,5.9,5.8,5.9,204332467,23772,13.4,13.2,13.6
A9010,Both,Myeloma,05yrs,316394,26,6.3,4,9.4,207391,,,,,86956,,,,
A9013,Both,Myeloma,05yrs,300620,23,7.9,5,11.8,210982,18,7.6,4.5,12.2,58714,,,,
A9017,Both,Myeloma,05yrs,314711,37,10.6,7.4,14.8,138925,,,,,166179,24,15.5,9.7,23.3
A9020,Both,Myeloma,05yrs,329288,37,10.6,7.4,14.8,73493,,,,,243898,33,15.7,10.6,22.4
A9034,Both,Myeloma,05yrs,313318,37,10,7,14,182547,20,7.4,4.5,11.9,117246,17,17.2,9.9,27.7
A9038,Both,Myeloma,05yrs,316397,18,5.5,3.2,8.7,217421,,,,,75005,,,,
Statewide,Female,Myeloma,05yrs,11816700,885,6.4,6,6.8,7072836,447,4.7,4.2,5.1,3948962,413,11.2,10.1,12.3
Nationwide,Female,Myeloma,05yrs,803387471,52712,5.4,5.3,5.4,509396407,33843,4.5,4.5,4.6,106649302,11971,11.7,11.5,12
A9010,Female,Myeloma,05yrs,166106,,,,,109118,,,,,46287,,,,
A9013,Female,Myeloma,05yrs,150180,,,,,105236,,,,,30177,,,,
A9017,Female,Myeloma,05yrs,161828,19,10.2,6,16.2,69394,,,,,87644,,,,
A9020,Female,Myeloma,05yrs,178654,17,9,5.2,14.5,38058,,,,,134785,16,13.3,7.4,21.7
A9034,Female,Myeloma,05yrs,162192,,,,,93315,,,,,62191,,,,
A9038,Female,Myeloma,05yrs,162039,,,,,109821,,,,,40405,,,,
Statewide,Male,Myeloma,05yrs,11309562,1075,9.7,9.1,10.3,6857584,624,7.9,7.3,8.6,3574132,422,15.5,14,17.2
Nationwide,Male,Myeloma,05yrs,778146950,66727,8.2,8.2,8.3,494181971,46614,7.5,7.4,7.6,97683165,11801,15.8,15.5,16.2
A9010,Male,Myeloma,05yrs,150288,,,,,98273,,,,,40669,,,,
A9013,Male,Myeloma,05yrs,150440,,,,,105746,,,,,28537,,,,
A9017,Male,Myeloma,05yrs,152883,18,10.8,6.2,17.4,69531,,,,,78534,,,,
A9020,Male,Myeloma,05yrs,150634,20,13.2,7.8,20.7,35435,,,,,109113,17,20,10.9,33.4
A9034,Male,Myeloma,05yrs,151126,22,14,8.6,21.4,89232,,,,,55056,,,,
A9038,Male,Myeloma,05yrs,154358,,,,,107600,,,,,34600,,,,
Statewide,Both,Brain,05yrs,23126262,1455,6,5.7,6.3,13930420,1124,7.1,6.7,7.6,7523094,271,3.8,3.4,4.3
Nationwide,Both,Brain,05yrs,1581534421,108375,6.4,6.3,6.4,1003578378,85479,7.2,7.2,7.3,204332467,7827,4,3.9,4.1
A9010,Both,Brain,05yrs,316394,29,8.7,5.8,12.7,207391,25,10.3,6.5,15.6,86956,,,,
A9013,Both,Brain,05yrs,300620,27,8.9,5.8,13,210982,22,9.5,5.9,14.5,58714,,,,
A9017,Both,Brain,05yrs,314711,,,,,138925,,,,,166179,,,,
A9020,Both,Brain,05yrs,329288,17,4.8,2.8,7.9,73493,,,,,243898,,,,
A9034,Both,Brain,05yrs,313318,25,6.6,4.2,9.8,182547,20,8.1,4.8,12.9,117246,,,,
A9038,Both,Brain,05yrs,316397,28,8.5,5.6,12.4,217421,24,9.8,6.2,14.7,75005,,,,
Statewide,Female,Brain,05yrs,11816700,636,4.9,4.5,5.3,7072836,480,5.8,5.3,6.4,3948962,130,3.4,2.9,4.1
Nationwide,Female,Brain,05yrs,803387471,47972,5.4,5.4,5.5,509396407,37485,6.1,6.1,6.2,106649302,3606,3.4,3.3,3.5
A9010,Female,Brain,05yrs,166106,20,10.8,6.3,17.1,109118,19,14.1,8,23.1,46287,,,,
A9013,Female,Brain,05yrs,150180,,,,,105236,,,,,30177,,,,
A9017,Female,Brain,05yrs,161828,,,,,69394,,,,,87644,,,,
A9020,Female,Brain,05yrs,178654,,,,,38058,,,,,134785,,,,
A9034,Female,Brain,05yrs,162192,,,,,93315,,,,,62191,,,,
A9038,Female,Brain,05yrs,162039,,,,,109821,,,,,40405,,,,
Statewide,Male,Brain,05yrs,11309562,819,7.2,6.7,7.7,6857584,644,8.6,7.9,9.3,3574132,141,4.3,3.6,5.1
Nationwide,Male,Brain,05yrs,778146950,60403,7.5,7.4,7.6,494181971,47994,8.5,8.4,8.5,97683165,4221,4.8,4.6,4.9
A9010,Male,Brain,05yrs,150288,,,,,98273,,,,,40669,,,,
A9013,Male,Brain,05yrs,150440,,,,,105746,,,,,28537,,,,
A9017,Male,Brain,05yrs,152883,,,,,69531,,,,,78534,,,,
A9020,Male,Brain,05yrs,150634,,,,,35435,,,,,109113,,,,
A9034,Male,Brain,05yrs,151126,16,8.2,4.6,13.6,89232,,,,,55056,,,,
A9038,Male,Brain,05yrs,154358,,,,,107600,,,,,34600,,,,
Statewide,Both,Larynx,05yrs,23126262,1368,5.2,4.9,5.5,13930420,852,4.7,4.4,5.1,7523094,484,6.9,6.2,7.5
Nationwide,Both,Larynx,05yrs,1581534421,62301,3.3,3.3,3.4,1003578378,48252,3.5,3.4,3.5,204332467,8589,4.5,4.4,4.6
A9010,Both,Larynx,05yrs,316394,,,,,207391,,,,,86956,,,,
A9013,Both,Larynx,05yrs,300620,,,,,210982,,,,,58714,,,,
A9017,Both,Larynx,05yrs,314711,23,6.4,4,9.7,138925,,,,,166179,,,,
A9020,Both,Larynx,05yrs,329288,19,5.3,3.1,8.3,73493,,,,,243898,,,,
A9034,Both,Larynx,05yrs,313318,18,4.6,2.7,7.4,182547,,,,,117246,,,,
A9038,Both,Larynx,05yrs,316397,,,,,217421,,,,,75005,,,,
Statewide,Female,Larynx,05yrs,11816700,291,2,1.8,2.3,7072836,198,2.1,1.8,2.4,3948962,86,2.1,1.7,2.6
Nationwide,Female,Larynx,05yrs,803387471,12804,1.3,1.3,1.3,509396407,10199,1.4,1.4,1.4,106649302,1784,1.6,1.5,1.7
A9010,Female,Larynx,05yrs,166106,,,,,109118,,,,,46287,,,,
A9013,Female,Larynx,05yrs,150180,,,,,105236,,,,,30177,,,,
A9017,Female,Larynx,05yrs,161828,,,,,69394,,,,,87644,,,,
A9020,Female,Larynx,05yrs,178654,,,,,38058,,,,,134785,,,,
A9034,Female,Larynx,05yrs,162192,,,,,93315,,,,,62191,,,,
A9038,Female,Larynx,05yrs,162039,,,,,109821,,,,,40405,,,,
Statewide,Male,Larynx,05yrs,11309562,1077,8.9,8.4,9.5,6857584,654,7.8,7.2,8.4,3574132,398,13.4,12,14.8
Nationwide,Male,Larynx,05yrs,778146950,49497,5.8,5.7,5.8,494181971,38053,5.8,5.8,5.9,97683165,6805,8.4,8.2,8.6
A9010,Male,Larynx,05yrs,150288,,,,,98273,,,,,40669,,,,
A9013,Male,Larynx,05yrs,150440,,,,,105746,,,,,28537,,,,
A9017,Male,Larynx,05yrs,152883,19,11.6,6.8,18.6,69531,,,,,78534,,,,
A9020,Male,Larynx,05yrs,150634,,,,,35435,,,,,109113,,,,
A9034,Male,Larynx,05yrs,151126,,,,,89232,,,,,55056,,,,
A9038,Male,Larynx,05yrs,154358,,,,,107600,,,,,34600,,,,
Statewide,Female,Ovary,05yrs,11816700,1323,9.8,9.3,10.4,7072836,954,10.6,9.9,11.3,3948962,327,8.5,7.6,9.5
Nationwide,Female,Ovary,05yrs,803387471,105584,11.2,11.1,11.2,509396407,80246,11.7,11.6,11.7,106649302,9538,9.1,8.9,9.3
A9010,Female,Ovary,05yrs,166106,20,8.8,5.2,14.3,109118,16,9.6,5.2,16.8,46287,,,,
A9013,Female,Ovary,05yrs,150180,17,11.5,6.7,18.5,105236,,,,,30177,,,,
A9017,Female,Ovary,05yrs,161828,,,,,69394,,,,,87644,,,,
A9020,Female,Ovary,05yrs,178654,18,9.8,5.7,15.6,38058,,,,,134785,,,,
A9034,Female,Ovary,05yrs,162192,,,,,93315,,,,,62191,,,,
A9038,Female,Ovary,05yrs,162039,,,,,109821,,,,,40405,,,,
Statewide,Both,Esoph,05yrs,23126262,1226,4.7,4.5,5,13930420,858,4.8,4.5,5.1,7523094,339,4.9,4.4,5.5
Nationwide,Both,Esoph,05yrs,1581534421,82269,4.5,4.4,4.5,1003578378,67866,4.9,4.8,4.9,204332467,7619,4.1,4,4.2
A9010,Both,Esoph,05yrs,316394,20,5.2,3.2,8.2,207391,,,,,86956,,,,
A9013,Both,Esoph,05yrs,300620,,,,,210982,,,,,58714,,,,
A9017,Both,Esoph,05yrs,314711,28,7.5,4.9,10.9,138925,,,,,166179,,,,
A9020,Both,Esoph,05yrs,329288,21,6.4,3.9,9.9,73493,,,,,243898,,,,
A9034,Both,Esoph,05yrs,313318,23,5.7,3.6,8.7,182547,16,5.4,3.1,9.2,117246,,,,
A9038,Both,Esoph,05yrs,316397,21,6,3.7,9.3,217421,16,5.8,3.3,9.6,75005,,,,
Statewide,Female,Esoph,05yrs,11816700,257,1.8,1.6,2.1,7072836,153,1.6,1.3,1.8,3948962,96,2.5,2,3.1
Nationwide,Female,Esoph,05yrs,803387471,17337,1.7,1.7,1.8,509396407,13487,1.8,1.7,1.8,106649302,2350,2.2,2.1,2.3
A9010,Female,Esoph,05yrs,166106,,,,,109118,,,,,46287,,,,
A9013,Female,Esoph,05yrs,150180,,,,,105236,,,,,30177,,,,
A9017,Female,Esoph,05yrs,161828,,,,,69394,,,,,87644,,,,
A9020,Female,Esoph,05yrs,178654,,,,,38058,,,,,134785,,,,
A9034,Female,Esoph,05yrs,162192,,,,,93315,,,,,62191,,,,
A9038,Female,Esoph,05yrs,162039,,,,,109821,,,,,40405,,,,
Statewide,Male,Esoph,05yrs,11309562,969,8.2,7.7,8.8,6857584,705,8.5,7.9,9.2,3574132,243,8.2,7.1,9.4
Nationwide,Male,Esoph,05yrs,778146950,64932,7.8,7.7,7.8,494181971,54379,8.5,8.4,8.5,97683165,5269,6.6,6.4,6.8
A9010,Male,Esoph,05yrs,150288,,,,,98273,,,,,40669,,,,
A9013,Male,Esoph,05yrs,150440,,,,,105746,,,,,28537,,,,
A9017,Male,Esoph,05yrs,152883,23,13.8,8.6,21.1,69531,,,,,78534,,,,
A9020,Male,Esoph,05yrs,150634,18,13.1,7.6,20.9,35435,,,,,109113,,,,
A9034,Male,Esoph,05yrs,151126,19,10.8,6.3,17.2,89232,,,,,55056,,,,
A9038,Male,Esoph,05yrs,154358,,,,,107600,,,,,34600,,,,
Statewide,Both,AllSite,10yrs,45276693,233361,482.9,480.9,484.8,27625124,162459,484.6,482.2,487,14624771,64328,508.1,504.1,512.2
Nationwide,Both,AllSite,10yrs,3101349456,15304473,449.4,449.2,449.6,2001944018,11927003,463.8,463.5,464,397546207,1612219,465.9,465.1,466.6
A9010,Both,AllSite,10yrs,629987,3473,462.7,447.1,478.8,416483,2606,461.2,442.9,480.1,172988,789,482.4,448.8,517.8
A9013,Both,AllSite,10yrs,579080,2740,485.6,467.4,504.4,410189,2216,496.3,475.7,517.6,112954,422,465.8,419,516.1
A9017,Both,AllSite,10yrs,629599,3650,507.6,490.9,524.7,275072,1870,506.6,483.4,530.7,337339,1757,521.2,496.5,546.8
A9020,Both,AllSite,10yrs,658806,3331,504.6,487.4,522.3,163699,1293,486.3,458.6,515.5,472971,2006,521.4,497.6,545.9
A9034,Both,AllSite,10yrs,620709,3436,476.8,460.7,493.4,366425,2303,464.8,445.5,484.8,229364,1095,527.8,496.1,560.8
A9038,Both,AllSite,10yrs,607227,2993,469.1,452.2,486.4,419643,2340,472.4,453.3,492.3,144412,558,487,445.6,531.1
Statewide,Female,AllSite,10yrs,23144310,107103,412.9,410.4,415.4,14033249,74147,420.2,417.2,423.4,7675012,29808,418.2,413.4,423.1
Nationwide,Female,AllSite,10yrs,1576109989,7467481,410.5,410.2,410.8,1017270568,5783368,428.4,428,428.7,207746929,779368,397.8,396.9,398.7
A9010,Female,AllSite,10yrs,331586,1665,395.2,375.6,415.7,219491,1261,399.6,376.2,424.1,92529,362,390.2,350.3,433.4
A9013,Female,AllSite,10yrs,290418,1243,413.2,390.3,437.1,205185,985,421.5,395.3,449.1,58462,201,394,338.2,456.2
A9017,Female,AllSite,10yrs,324159,1629,421.9,401.2,443.4,137444,820,433.1,403,464.9,178143,796,420.4,391.1,451.3
A9020,Female,AllSite,10yrs,357225,1612,426.7,405.9,448.4,85151,596,411.7,375.9,450.4,261232,1003,444,416.1,473.3
A9034,Female,AllSite,10yrs,321590,1575,408,387.6,429.3,187481,1044,404.7,379.3,431.5,121828,512,437.7,399.9,478
A9038,Female,AllSite,10yrs,311939,1384,401,379.9,422.9,212625,1061,404.7,380.2,430.4,78027,262,396.9,349,449.3
Statewide,Male,AllSite,10yrs,22132383,126258,577.1,573.8,580.4,13591875,88312,569.8,566,573.7,6949759,34520,638.8,631.6,646.1
Nationwide,Male,AllSite,10yrs,1525239467,7836992,504.7,504.3,505.1,984673450,6143635,514.3,513.9,514.7,189799278,832851,566.8,565.5,568.1
A9010,Male,AllSite,10yrs,298401,1808,560.1,534.2,586.9,196992,1345,551.5,521.8,582.5,80459,427,609.3,551,671.9
A9013,Male,AllSite,10yrs,288663,1497,576,546.7,606.4,205005,1231,587.9,555.2,622,54492,221,557.3,478.3,644.8
A9017,Male,AllSite,10yrs,305440,2021,620.5,592.8,649.3,137628,1050,594.2,557.8,632.5,159196,961,675.6,630.8,722.6
A9020,Male,AllSite,10yrs,301581,1719,620.4,590.5,651.3,78547,697,591.7,547.4,639.2,211739,1003,642.1,599.2,687.2
A9034,Male,AllSite,10yrs,299120,1861,568,541.7,595.2,178944,1259,546.3,515.7,578.3,107536,583,651.1,596.7,709
A9038,Male,AllSite,10yrs,295287,1609,565,536.8,594.3,207017,1279,567.6,536.1,600.6,66385,296,617.6,543,698.9
Statewide,Male,Prostate,10yrs,22132383,35054,153.3,151.6,154.9,13591875,22436,137.2,135.3,139,6949759,11705,212.1,208,216.2
Nationwide,Male,Prostate,10yrs,1525239467,2072561,127.6,127.4,127.7,984673450,1532729,120.9,120.7,121.1,189799278,305327,201.6,200.9,202.4
A9010,Male,Prostate,10yrs,298401,518,157.1,143.7,171.4,196992,375,151.5,136.4,168,80459,135,190.9,159.1,227
A9013,Male,Prostate,10yrs,288663,396,149.7,135.1,165.4,205005,303,142.6,126.9,159.7,54492,81,179.1,139.3,226.6
A9017,Male,Prostate,10yrs,305440,549,163.4,149.5,178.2,137628,241,129.7,113.4,147.9,159196,307,215.9,191,243.1
A9020,Male,Prostate,10yrs,301581,503,174.1,158.8,190.5,78547,174,138.2,118.3,161.1,211739,320,200.2,176.9,225.6
A9034,Male,Prostate,10yrs,299120,534,156.3,143,170.6,178944,342,140,125.2,156.1,107536,188,214.2,183.2,248.8
A9038,Male,Prostate,10yrs,295287,457,153,138.9,168.2,207017,339,140.9,125.9,157.2,66385,113,244.4,197.2,298.7
Statewide,Both,Lung,10yrs,45276693,34927,72.3,71.5,73.1,27625124,24874,72.7,71.8,73.6,14624771,9387,76.3,74.7,78
Nationwide,Both,Lung,10yrs,3101349456,2097796,61.5,61.4,61.6,2001944018,1733197,65.4,65.3,65.5,397546207,216055,65.2,64.9,65.5
A9010,Both,Lung,10yrs,629987,495,64.2,58.5,70.2,416483,374,63.4,57,70.5,172988,112,67.8,55.7,81.8
A9013,Both,Lung,10yrs,579080,458,81.7,74.4,89.7,410189,387,85.3,77,94.3,112954,58,64,47.6,83.9
A9017,Both,Lung,10yrs,629599,584,80,73.6,86.9,275072,337,88.1,78.8,98.2,337339,245,72.3,63.3,82.2
A9020,Both,Lung,10yrs,658806,497,74.8,68.3,81.8,163699,214,77.6,67.1,89.5,472971,283,75.9,66.8,85.8
A9034,Both,Lung,10yrs,620709,520,71.7,65.5,78.2,366425,360,71.3,64,79.2,229364,156,72.2,61,84.7
A9038,Both,Lung,10yrs,607227,424,66.8,60.5,73.5,419643,350,69.8,62.6,77.6,144412,67,57.8,44.1,74.1
Statewide,Female,Lung,10yrs,23144310,14925,56.1,55.2,57.1,14033249,11060,59.6,58.5,60.8,7675012,3598,51.2,49.5,52.9
Nationwide,Female,Lung,10yrs,1576109989,983302,52.5,52.4,52.6,1017270568,821505,57.2,57.1,57.3,207746929,95074,49.6,49.3,50
A9010,Female,Lung,10yrs,331586,237,52.7,46.1,60.2,219491,188,54.4,46.6,63.2,92529,44,46.8,33.9,63
A9013,Female,Lung,10yrs,290418,208,68.5,59.4,78.6,205185,180,74.5,63.9,86.3,58462,22,42,25.7,64.7
A9017,Female,Lung,10yrs,324159,243,60.3,52.8,68.5,137444,152,75.3,63.6,88.6,178143,90,46.5,37.2,57.3
A9020,Female,Lung,10yrs,357225,200,51,44.2,58.7,85151,94,58.4,46.8,72.9,261232,106,48,39,58.4
A9034,Female,Lung,10yrs,321590,211,53.8,46.6,61.8,187481,161,58.4,49.5,68.6,121828,48,41.4,30.3,55.2
A9038,Female,Lung,10yrs,311939,201,56.4,48.8,64.9,212625,175,62.9,53.8,73.1,78027,25,35.9,22.9,53.5
Statewide,Male,Lung,10yrs,22132383,20002,93.5,92.2,94.8,13591875,13814,89.7,88.2,91.2,6949759,5789,112.8,109.7,116
Nationwide,Male,Lung,10yrs,1525239467,1114494,73.4,73.2,73.5,984673450,911692,76.2,76,76.3,189799278,120981,88.2,87.7,88.7
A9010,Male,Lung,10yrs,298401,258,80,70.5,90.6,196992,186,76,65.3,88.1,80459,68,97.9,75.3,124.9
A9013,Male,Lung,10yrs,288663,250,98.3,86.3,111.4,205005,207,99.2,86.1,113.8,54492,36,90.1,61.1,127.6
A9017,Male,Lung,10yrs,305440,341,106.7,95.3,119.1,137628,185,103.5,88.8,120.1,159196,155,113.8,95.5,134.6
A9020,Male,Lung,10yrs,301581,297,109.9,97.4,123.5,78547,120,103.3,85.2,124.7,211739,177,120.5,101.7,141.5
A9034,Male,Lung,10yrs,299120,309,95.2,84.6,106.8,178944,199,88.6,76.4,102.2,107536,108,115.3,93.6,140.4
A9038,Male,Lung,10yrs,295287,223,83.1,72.1,95.2,207017,175,82.5,70.3,96.1,66385,42,89.6,62.4,123.9
Statewide,Female,Breast,10yrs,23144310,31636,122.3,121,123.7,14033249,21327,121.5,119.8,123.2,7675012,9433,130.6,128,133.3
Nationwide,Female,Breast,10yrs,1576109989,2231528,123.7,123.5,123.8,1017270568,1713897,128.7,128.5,128.9,207746929,247642,124.5,124,125
A9010,Female,Breast,10yrs,331586,461,114.1,103.4,125.6,219491,357,119.8,106.7,134.1,92529,90,98.4,78.7,121.4
A9013,Female,Breast,10yrs,290418,337,111.9,100.1,124.6,205185,252,108.2,95.1,122.7,58462,70,132.4,101.9,169.2
A9017,Female,Breast,10yrs,324159,455,117.4,106.7,129,137444,222,116.7,101.4,133.7,178143,229,119.1,103.9,136
A9020,Female,Breast,10yrs,357225,475,127.5,116.1,139.7,85151,140,99.6,82,120.4,261232,330,139,124,155.3
A9034,Female,Breast,10yrs,321590,431,113.1,102.3,124.6,187481,268,104.3,91.7,118.4,121828,159,135.1,114.6,158.2
A9038,Female,Breast,10yrs,311939,399,115.8,104.6,127.9,212625,297,113.7,100.9,127.8,78027,86,125,99.4,155.2
Statewide,Both,CRC,10yrs,45276693,23698,49.2,48.6,49.9,27625124,15676,46.6,45.9,47.4,14624771,7382,59.4,58,60.8
Nationwide,Both,CRC,10yrs,3101349456,1411271,41.6,41.5,41.6,2001944018,1071400,41.2,41.1,41.3,397546207,167176,49.7,49.4,49.9
A9010,Both,CRC,10yrs,629987,330,42.6,38.1,47.7,416483,219,36.1,31.3,41.5,172988,104,66.3,54,80.4
A9013,Both,CRC,10yrs,579080,257,45.7,40.2,51.7,410189,203,45.5,39.5,52.3,112954,48,55.6,39.5,75.5
A9017,Both,CRC,10yrs,629599,415,57.9,52.4,63.9,275072,164,43.8,37.2,51.3,337339,251,76.1,66.7,86.3
A9020,Both,CRC,10yrs,658806,323,49.1,43.8,54.8,163699,116,45.4,36.9,55.5,472971,207,53.5,46.1,61.7
A9034,Both,CRC,10yrs,620709,324,45.2,40.3,50.5,366425,201,40.7,35.1,46.9,229364,121,59.5,49.1,71.4
A9038,Both,CRC,10yrs,607227,286,45.2,40.1,50.9,419643,217,44.4,38.6,50.8,144412,58,51.5,38.6,67.2
Statewide,Female,CRC,10yrs,23144310,11031,42,41.2,42.8,14033249,7111,39.2,38.2,40.1,7675012,3615,51.1,49.4,52.8
Nationwide,Female,CRC,10yrs,1576109989,678912,36.3,36.2,36.4,1017270568,514601,36,35.9,36.1,207746929,84104,43.5,43.2,43.8
A9010,Female,CRC,10yrs,331586,171,38.6,32.8,45.2,219491,107,30.1,24.4,37,92529,60,65.5,49.8,84.6
A9013,Female,CRC,10yrs,290418,113,37.6,30.9,45.3,205185,88,37.1,29.7,45.9,58462,22,43.4,26,67.8
A9017,Female,CRC,10yrs,324159,196,49.6,42.8,57.3,137444,67,33,25.5,42.3,178143,129,68.1,56.7,81.2
A9020,Female,CRC,10yrs,357225,159,41.8,35.5,49,85151,57,41.1,29.9,55.6,261232,102,45.8,37.1,55.9
A9034,Female,CRC,10yrs,321590,157,39.9,33.7,46.8,187481,96,36,28.8,44.5,121828,61,53,40.3,68.3
A9038,Female,CRC,10yrs,311939,135,39.1,32.7,46.4,212625,106,40.2,32.8,48.9,78027,21,33.2,20.2,51
Statewide,Male,CRC,10yrs,22132383,12667,58.5,57.5,59.6,13591875,8565,55.7,54.5,56.9,6949759,3767,71.5,69.1,74
Nationwide,Male,CRC,10yrs,1525239467,732359,47.9,47.8,48,984673450,556799,47.3,47.2,47.4,189799278,83072,58.6,58.1,59
A9010,Male,CRC,10yrs,298401,159,49,41.6,57.4,196992,112,44.3,36.3,53.6,80459,44,69.5,50,93.8
A9013,Male,CRC,10yrs,288663,144,55.3,46.5,65.3,205005,115,55,45.4,66.2,54492,26,70.9,43,108.7
A9017,Male,CRC,10yrs,305440,219,67.3,58.4,77.2,137628,97,55.1,44.4,67.8,159196,122,85.9,70.5,103.6
A9020,Male,CRC,10yrs,301581,164,58.7,49.8,68.7,78547,59,51.3,38.5,67.5,211739,105,63.9,51.3,78.5
A9034,Male,CRC,10yrs,299120,167,51.8,44,60.6,178944,105,46.5,37.8,56.7,107536,60,68.2,51.3,88.7
A9038,Male,CRC,10yrs,295287,151,52.9,44.5,62.3,207017,111,50,40.9,60.5,66385,37,75.1,51.4,105.7
Statewide,Both,Kidney,10yrs,45276693,10152,20.9,20.5,21.3,27625124,7301,21.8,21.3,22.3,14624771,2582,20.3,19.5,21.1
Nationwide,Both,Kidney,10yrs,3101349456,547713,16.1,16,16.1,2001944018,415247,16.2,16.2,16.3,397546207,62700,17.8,17.6,17.9
A9010,Both,Kidney,10yrs,629987,130,17.5,14.5,20.9,416483,100,18.3,14.8,22.6,172988,29,17.2,11.4,24.8
A9013,Both,Kidney,10yrs,579080,112,19.7,16.2,23.7,410189,85,19.2,15.3,23.8,112954,20,20.4,12.2,32
A9017,Both,Kidney,10yrs,629599,147,20.2,17,23.9,275072,76,19.9,15.6,25.2,337339,71,21.3,16.5,27
A9020,Both,Kidney,10yrs,658806,134,20.1,16.8,23.9,163699,48,18,13.2,24.5,472971,86,21.8,17.3,27.2
A9034,Both,Kidney,10yrs,620709,132,18.8,15.6,22.3,366425,91,19.4,15.5,24,229364,40,19.4,13.7,26.6
A9038,Both,Kidney,10yrs,607227,133,20.3,17,24.2,419643,111,22,18,26.6,144412,19,16.5,9.6,26.2
Statewide,Female,Kidney,10yrs,23144310,3981,15.2,14.7,15.7,14033249,2785,15.6,15.1,16.2,7675012,1087,15.2,14.3,16.2
Nationwide,Female,Kidney,10yrs,1576109989,205265,11.3,11.2,11.3,1017270568,152801,11.3,11.2,11.3,207746929,25047,12.7,12.6,12.9
A9010,Female,Kidney,10yrs,331586,41,9.3,6.6,12.9,219491,32,9.7,6.5,14.3,92529,,,,
A9013,Female,Kidney,10yrs,290418,45,14.8,10.7,19.8,205185,34,14.9,10.3,21.1,58462,,,,
A9017,Female,Kidney,10yrs,324159,49,12.9,9.5,17.2,137444,27,14.3,9.3,21.4,178143,22,12.2,7.6,18.6
A9020,Female,Kidney,10yrs,357225,54,14.6,10.9,19.1,85151,21,13,7.9,21.4,261232,33,15.3,10.4,21.6
A9034,Female,Kidney,10yrs,321590,51,13.4,9.9,17.8,187481,33,14.6,9.8,21.1,121828,18,14,8.2,22.4
A9038,Female,Kidney,10yrs,311939,42,11.8,8.5,16.1,212625,30,11.2,7.5,16.3,78027,,,,
Statewide,Male,Kidney,10yrs,22132383,6171,27.6,26.9,28.4,13591875,4516,28.7,27.9,29.6,6949759,1495,26.9,25.4,28.3
Nationwide,Male,Kidney,10yrs,1525239467,342448,21.7,21.6,21.8,984673450,262446,21.9,21.9,22,189799278,37653,24.4,24.1,24.7
A9010,Male,Kidney,10yrs,298401,89,27.6,22.1,34.1,196992,68,28.8,22.2,36.9,80459,20,27.7,16.6,43.2
A9013,Male,Kidney,10yrs,288663,67,25.8,19.9,32.9,205005,51,24.2,18,32,54492,,,,
A9017,Male,Kidney,10yrs,305440,98,28.7,23.1,35.3,137628,49,26.1,19.1,35,159196,49,32.9,23.9,44.2
A9020,Male,Kidney,10yrs,301581,80,26.9,21.2,33.7,78547,27,23.1,15.1,34.5,211739,53,30.5,22.4,40.6
A9034,Male,Kidney,10yrs,299120,81,25.2,19.9,31.6,178944,58,24.7,18.6,32.3,107536,22,27.2,16.6,41.7
A9038,Male,Kidney,10yrs,295287,91,30.6,24.5,37.8,207017,81,34.5,27.2,43.1,66385,,,,
Statewide,Both,NHL,10yrs,45276693,9454,20,19.6,20.5,27625124,7265,22,21.5,22.5,14624771,1879,14.7,14,15.4
Nationwide,Both,NHL,10yrs,3101349456,652452,19.4,19.4,19.5,2001944018,518330,20.3,20.3,20.4,397546207,50444,14.4,14.3,14.5
A9010,Both,NHL,10yrs,629987,144,20,16.8,23.7,416483,110,20.6,16.7,25.1,172988,28,17.1,11.3,24.9
A9013,Both,NHL,10yrs,579080,112,20.7,17,24.9,410189,96,22,17.8,26.9,112954,,,,
A9017,Both,NHL,10yrs,629599,135,19.5,16.3,23.1,275072,83,22.9,18.2,28.6,337339,52,15.6,11.6,20.6
A9020,Both,NHL,10yrs,658806,123,19.5,16.1,23.3,163699,58,21.3,15.9,28.3,472971,61,16.5,12.5,21.4
A9034,Both,NHL,10yrs,620709,143,20.1,16.9,23.7,366425,110,21.8,17.8,26.5,229364,29,15,10,21.6
A9038,Both,NHL,10yrs,607227,122,19.6,16.3,23.5,419643,101,20.4,16.6,24.9,144412,18,17.4,10,27.8
Statewide,Female,NHL,10yrs,23144310,4315,16.6,16.1,17.1,14033249,3311,18.2,17.6,18.9,7675012,868,12.2,11.4,13.1
Nationwide,Female,NHL,10yrs,1576109989,297776,16.2,16.1,16.3,1017270568,234790,16.8,16.8,16.9,207746929,23815,12.2,12,12.3
A9010,Female,NHL,10yrs,331586,65,15.7,11.9,20.4,219491,53,17.1,12.4,23.1,92529,,,,
A9013,Female,NHL,10yrs,290418,49,16.8,12.4,22.3,205185,42,17.8,12.8,24.2,58462,,,,
A9017,Female,NHL,10yrs,324159,55,14.1,10.6,18.6,137444,31,15.1,10.2,21.8,178143,24,12.8,8.1,19.2
A9020,Female,NHL,10yrs,357225,64,17.3,13.2,22.1,85151,31,19.2,12.5,29.2,261232,32,15.5,10.5,22
A9034,Female,NHL,10yrs,321590,70,17.8,13.8,22.7,187481,56,20.4,15.3,26.8,121828,,,,
A9038,Female,NHL,10yrs,311939,54,15.7,11.7,20.5,212625,43,15.6,11.2,21.2,78027,,,,
Statewide,Male,NHL,10yrs,22132383,5139,24.3,23.6,25,13591875,3954,26.5,25.6,27.3,6949759,1011,17.9,16.7,19.1
Nationwide,Male,NHL,10yrs,1525239467,354676,23.4,23.3,23.5,984673450,283540,24.5,24.4,24.6,189799278,26629,17.3,17.1,17.5
A9010,Male,NHL,10yrs,298401,79,25.4,20,31.8,196992,57,24.9,18.7,32.7,80459,17,22.6,12.9,36.7
A9013,Male,NHL,10yrs,288663,63,24.6,18.8,31.5,205005,54,26.1,19.6,34.2,54492,,,,
A9017,Male,NHL,10yrs,305440,80,26.4,20.7,33.1,137628,52,32,23.7,42.5,159196,28,19,12.3,27.8
A9020,Male,NHL,10yrs,301581,59,22.2,16.8,28.8,78547,27,23.9,15.5,35.8,211739,29,17.1,11.1,25.1
A9034,Male,NHL,10yrs,299120,73,23,17.9,29.2,178944,54,23.8,17.7,31.5,107536,16,19,10.6,31.2
A9038,Male,NHL,10yrs,295287,68,24.2,18.6,30.9,207017,58,25.9,19.5,33.9,66385,,,,
Statewide,Both,Urinary,10yrs,45276693,8909,18.9,18.5,19.3,27625124,7345,21.7,21.2,22.2,14624771,1356,11.8,11.2,12.5
Nationwide,Both,Urinary,10yrs,3101349456,701856,20.7,20.7,20.8,2001944018,614379,23.2,23.1,23.2,397546207,36974,11.8,11.7,12
A9010,Both,Urinary,10yrs,629987,136,16.8,14,19.9,416483,123,19.6,16.2,23.6,172988,,,,
A9013,Both,Urinary,10yrs,579080,90,16.4,13.1,20.2,410189,81,18.1,14.3,22.5,112954,,,,
A9017,Both,Urinary,10yrs,629599,106,14.8,12.1,18,275072,81,21.5,17,27,337339,22,6.7,4.1,10.2
A9020,Both,Urinary,10yrs,658806,114,17.9,14.7,21.5,163699,68,22.9,17.7,29.6,472971,45,13.1,9.4,17.7
A9034,Both,Urinary,10yrs,620709,148,20.3,17.1,23.9,366425,127,24.5,20.4,29.4,229364,20,9.7,5.9,15.1
A9038,Both,Urinary,10yrs,607227,119,18.9,15.6,22.7,419643,107,21.1,17.3,25.6,144412,,,,
Statewide,Female,Urinary,10yrs,23144310,2096,7.9,7.6,8.2,14033249,1605,8.6,8.2,9.1,7675012,433,6.5,5.9,7.2
Nationwide,Female,Urinary,10yrs,1576109989,169716,8.9,8.9,9,1017270568,144724,9.8,9.8,9.9,207746929,12190,6.6,6.5,6.8
A9010,Female,Urinary,10yrs,331586,31,6.6,4.4,9.6,219491,25,6.8,4.4,10.5,92529,,,,
A9013,Female,Urinary,10yrs,290418,22,7.8,4.9,11.9,205185,19,8.4,5,13.2,58462,,,,
A9017,Female,Urinary,10yrs,324159,23,5.9,3.7,8.9,137444,,,,,178143,,,,
A9020,Female,Urinary,10yrs,357225,33,8.6,5.9,12.1,85151,,,,,261232,20,9.9,6,15.4
A9034,Female,Urinary,10yrs,321590,31,6.7,4.5,9.8,187481,23,7.1,4.4,11.2,121828,,,,
A9038,Female,Urinary,10yrs,311939,30,8.2,5.5,11.7,212625,25,8.7,5.6,13,78027,,,,
Statewide,Male,Urinary,10yrs,22132383,6813,33.6,32.8,34.4,13591875,5740,38.6,37.6,39.6,6949759,923,19.8,18.4,21.2
Nationwide,Male,Urinary,10yrs,1525239467,532140,36.3,36.2,36.4,984673450,469655,40.3,40.2,40.4,189799278,24784,19.8,19.5,20.1
A9010,Male,Urinary,10yrs,298401,105,31.7,25.9,38.5,196992,98,37.9,30.6,46.5,80459,,,,
A9013,Male,Urinary,10yrs,288663,68,27.1,20.9,34.4,205005,62,29.9,22.8,38.4,54492,,,,
A9017,Male,Urinary,10yrs,305440,83,26.7,21.1,33.3,137628,66,37.5,28.8,48.1,159196,,,,
A9020,Male,Urinary,10yrs,301581,81,32.2,25.4,40.2,78547,56,45.9,34.5,60.3,211739,25,17.8,11,27
A9034,Male,Urinary,10yrs,299120,117,37.4,30.8,45.1,178944,104,46,37.3,56.2,107536,,,,
A9038,Male,Urinary,10yrs,295287,89,33.5,26.7,41.5,207017,82,37.8,29.9,47.2,66385,,,,
Statewide,Both,Mela,10yrs,45276693,7444,15.8,15.5,16.2,27625124,7207,22.5,22,23.1,14624771,120,1,0.9,1.2
Nationwide,Both,Mela,10yrs,3101349456,688556,20.6,20.6,20.7,2001944018,642661,26.3,26.2,26.3,397546207,3436,1,1,1.1
A9010,Both,Mela,10yrs,629987,125,17.6,14.6,21.1,416483,125,24.6,20.2,29.6,172988,,,,
A9013,Both,Mela,10yrs,579080,97,17.7,14.3,21.7,410189,94,21.6,17.4,26.5,112954,,,,
A9017,Both,Mela,10yrs,629599,78,11,8.7,13.8,275072,76,21.2,16.6,26.8,337339,,,,
A9020,Both,Mela,10yrs,658806,42,7,5,9.4,163699,40,15.7,10.8,22.3,472971,,,,
A9034,Both,Mela,10yrs,620709,103,14.6,11.9,17.9,366425,98,21.4,17.2,26.3,229364,,,,
A9038,Both,Mela,10yrs,607227,140,21.9,18.4,26,419643,138,28.5,23.9,33.8,144412,,,,
Statewide,Female,Mela,10yrs,23144310,2843,11.5,11.1,11.9,14033249,2717,16.9,16.3,17.6,7675012,65,1,0.7,1.2
Nationwide,Female,Mela,10yrs,1576109989,286767,16.5,16.4,16.5,1017270568,263631,21.6,21.5,21.6,207746929,1879,1,0.9,1
A9010,Female,Mela,10yrs,331586,46,12.8,9.2,17.3,219491,46,18.6,13.3,25.4,92529,,,,
A9013,Female,Mela,10yrs,290418,38,12.7,9,17.5,205185,37,16.3,11.4,22.7,58462,,,,
A9017,Female,Mela,10yrs,324159,25,6.9,4.4,10.3,137444,24,14,8.8,21.4,178143,,,,
A9020,Female,Mela,10yrs,357225,,,,,85151,,,,,261232,,,,
A9034,Female,Mela,10yrs,321590,46,12.5,9.1,16.9,187481,43,19.2,13.6,26.4,121828,,,,
A9038,Female,Mela,10yrs,311939,57,17.3,13.1,22.5,212625,56,23.6,17.7,30.9,78027,,,,
Statewide,Male,Mela,10yrs,22132383,4601,21.9,21.3,22.6,13591875,4490,30.1,29.2,31,6949759,55,1.1,0.8,1.5
Nationwide,Male,Mela,10yrs,1525239467,401789,26.4,26.3,26.5,984673450,379030,32.7,32.6,32.8,189799278,1557,1.1,1.1,1.2
A9010,Male,Mela,10yrs,298401,79,24.8,19.6,31.1,196992,79,33.4,26.2,42,80459,,,,
A9013,Male,Mela,10yrs,288663,59,24.5,18.5,31.6,205005,57,28.7,21.6,37.3,54492,,,,
A9017,Male,Mela,10yrs,305440,53,17.2,12.7,22.7,137628,52,30.5,22.5,40.4,159196,,,,
A9020,Male,Mela,10yrs,301581,28,11.8,7.8,17.1,78547,28,24.7,16,37,211739,,,,
A9034,Male,Mela,10yrs,299120,57,17.9,13.4,23.3,178944,55,25.1,18.7,33,107536,,,,
A9038,Male,Mela,10yrs,295287,83,28.2,22.3,35.2,207017,82,35.2,27.8,44,66385,,,,
Statewide,Both,Pancreas,10yrs,45276693,6593,13.8,13.5,14.2,27625124,4499,13.3,12.9,13.7,14624771,1922,16.2,15.5,17
Nationwide,Both,Pancreas,10yrs,3101349456,405792,11.9,11.8,11.9,2001944018,312562,11.8,11.7,11.8,397546207,48904,15,14.9,15.1
A9010,Both,Pancreas,10yrs,629987,85,10.5,8.4,13.1,416483,65,10.3,7.9,13.3,172988,17,10.5,6.1,16.8
A9013,Both,Pancreas,10yrs,579080,66,12.1,9.4,15.5,410189,59,13.3,10.1,17.3,112954,,,,
A9017,Both,Pancreas,10yrs,629599,112,15.6,12.8,18.9,275072,58,15.8,11.9,20.6,337339,52,15.7,11.6,20.7
A9020,Both,Pancreas,10yrs,658806,109,17.2,14.1,20.8,163699,46,15.8,11.4,21.9,472971,62,19.2,14.5,24.8
A9034,Both,Pancreas,10yrs,620709,94,13.1,10.6,16.1,366425,56,11.1,8.3,14.5,229364,37,19.2,13.4,26.5
A9038,Both,Pancreas,10yrs,607227,83,13.1,10.4,16.3,419643,62,12.5,9.5,16.1,144412,17,15.6,8.8,25.2
Statewide,Female,Pancreas,10yrs,23144310,3275,12.3,11.9,12.7,14033249,2167,11.6,11.1,12.1,7675012,1010,14.9,14,15.8
Nationwide,Female,Pancreas,10yrs,1576109989,198848,10.5,10.4,10.5,1017270568,150254,10.2,10.2,10.3,207746929,26116,13.9,13.7,14.1
A9010,Female,Pancreas,10yrs,331586,45,9.5,6.9,13,219491,35,9.5,6.5,13.7,92529,,,,
A9013,Female,Pancreas,10yrs,290418,35,11.8,8.2,16.5,205185,32,13.3,9.1,18.9,58462,,,,
A9017,Female,Pancreas,10yrs,324159,53,13.1,9.8,17.3,137444,28,14.3,9.4,21.1,178143,23,11.5,7.3,17.5
A9020,Female,Pancreas,10yrs,357225,59,15.5,11.8,20,85151,25,15.7,9.5,25.3,261232,34,17.4,11.9,24.4
A9034,Female,Pancreas,10yrs,321590,50,12.4,9.1,16.6,187481,26,9.6,6.2,14.5,121828,23,20.3,12.8,30.6
A9038,Female,Pancreas,10yrs,311939,38,10.5,7.4,14.5,212625,26,9.3,6,13.9,78027,,,,
Statewide,Male,Pancreas,10yrs,22132383,3318,15.6,15,16.1,13591875,2332,15.3,14.7,15.9,6949759,912,17.6,16.4,18.9
Nationwide,Male,Pancreas,10yrs,1525239467,206944,13.5,13.5,13.6,984673450,162308,13.6,13.5,13.6,189799278,22788,16.3,16.1,16.6
A9010,Male,Pancreas,10yrs,298401,40,12,8.5,16.5,196992,30,11.4,7.6,16.6,80459,,,,
A9013,Male,Pancreas,10yrs,288663,31,12.6,8.5,17.9,205005,27,13.4,8.8,19.6,54492,,,,
A9017,Male,Pancreas,10yrs,305440,59,18.8,14.1,24.5,137628,30,17.8,11.8,25.8,159196,29,21.2,13.9,31
A9020,Male,Pancreas,10yrs,301581,50,19.7,14.5,26,78547,21,17,10.5,27,211739,28,22,13.9,32.6
A9034,Male,Pancreas,10yrs,299120,44,14.1,10.2,19.2,178944,30,13.6,9,19.7,107536,,,,
A9038,Male,Pancreas,10yrs,295287,45,16.4,11.8,22.1,207017,36,16.7,11.6,23.2,66385,,,,
Statewide,Both,Leuks,10yrs,45276693,6145,13.2,12.9,13.5,27625124,4625,14.4,14,14.8,14624771,1308,10.4,9.8,11
Nationwide,Both,Leuks,10yrs,3101349456,449713,13.6,13.5,13.6,2001944018,353377,14.2,14.2,14.3,397546207,35683,10.4,10.3,10.5
A9010,Both,Leuks,10yrs,629987,137,18.1,15.1,21.5,416483,114,19.4,15.8,23.6,172988,17,10.4,6,16.7
A9013,Both,Leuks,10yrs,579080,79,13.8,10.9,17.2,410189,68,15.3,11.9,19.5,112954,,,,
A9017,Both,Leuks,10yrs,629599,101,14.7,11.9,17.9,275072,69,20.5,15.8,26.2,337339,31,9.6,6.5,13.8
A9020,Both,Leuks,10yrs,658806,78,12.1,9.6,15.2,163699,32,12.4,8.1,18.3,472971,46,12.5,9,16.9
A9034,Both,Leuks,10yrs,620709,92,13.2,10.6,16.2,366425,70,14.5,11.2,18.5,229364,21,10,6.1,15.4
A9038,Both,Leuks,10yrs,607227,91,14.7,11.8,18.1,419643,76,15.9,12.5,19.9,144412,,,,
Statewide,Female,Leuks,10yrs,23144310,2640,10.4,10,10.8,14033249,1944,11.3,10.8,11.8,7675012,610,8.6,7.9,9.3
Nationwide,Female,Leuks,10yrs,1576109989,189527,10.6,10.5,10.6,1017270568,146231,11,10.9,11,207746929,16499,8.5,8.4,8.6
A9010,Female,Leuks,10yrs,331586,54,12.4,9.1,16.6,219491,44,13.5,9.4,18.9,92529,,,,
A9013,Female,Leuks,10yrs,290418,34,11.5,7.9,16.2,205185,26,11.8,7.6,17.4,58462,,,,
A9017,Female,Leuks,10yrs,324159,38,10,7,13.8,137444,29,16.5,10.8,24.3,178143,,,,
A9020,Female,Leuks,10yrs,357225,40,10.7,7.6,14.7,85151,17,13.1,6.9,23.1,261232,23,10.3,6.4,15.6
A9034,Female,Leuks,10yrs,321590,46,11.9,8.6,16.1,187481,34,13,8.8,18.6,121828,,,,
A9038,Female,Leuks,10yrs,311939,34,9.9,6.8,13.9,212625,26,10,6.5,14.9,78027,,,,
Statewide,Male,Leuks,10yrs,22132383,3505,16.9,16.4,17.5,13591875,2681,18.4,17.7,19.2,6949759,698,13,12,14.1
Nationwide,Male,Leuks,10yrs,1525239467,260186,17.4,17.3,17.4,984673450,207146,18.3,18.2,18.4,189799278,19184,13.2,13,13.4
A9010,Male,Leuks,10yrs,298401,83,26,20.6,32.3,196992,70,28,21.7,35.6,80459,,,,
A9013,Male,Leuks,10yrs,288663,45,16.5,12,22.1,205005,42,19.3,13.9,26.2,54492,,,,
A9017,Male,Leuks,10yrs,305440,63,20.8,15.8,26.8,137628,40,25.4,17.9,35.2,159196,22,16.2,9.8,24.9
A9020,Male,Leuks,10yrs,301581,38,14.7,10.3,20.2,78547,,,,,211739,23,16.7,9.9,25.9
A9034,Male,Leuks,10yrs,299120,46,14.7,10.7,19.8,178944,36,16.6,11.5,23.4,107536,,,,
A9038,Male,Leuks,10yrs,295287,57,21.2,15.9,27.6,207017,50,23.7,17.4,31.5,66385,,,,
Statewide,Both,Oral,10yrs,45276693,6327,12.8,12.4,13.1,27625124,4713,13.8,13.4,14.2,14624771,1435,10.5,10,11.1
Nationwide,Both,Oral,10yrs,3101349456,395265,11.4,11.3,11.4,2001944018,320479,12.3,12.2,12.3,397546207,34713,9.5,9.4,9.6
A9010,Both,Oral,10yrs,629987,95,13.5,10.9,16.6,416483,62,11.9,9,15.4,172988,32,19.5,13.2,27.6
A9013,Both,Oral,10yrs,579080,87,15.2,12.1,18.7,410189,79,17.6,13.9,22,112954,,,,
A9017,Both,Oral,10yrs,629599,93,12.6,10.2,15.6,275072,50,13.9,10.2,18.5,337339,43,12,8.6,16.3
A9020,Both,Oral,10yrs,658806,110,16.3,13.4,19.7,163699,55,22.1,16.4,29.3,472971,54,14,10.3,18.5
A9034,Both,Oral,10yrs,620709,97,13,10.5,16,366425,73,14.7,11.4,18.6,229364,24,10.8,6.8,16.2
A9038,Both,Oral,10yrs,607227,92,14,11.2,17.2,419643,73,14.4,11.2,18.2,144412,,,,
Statewide,Female,Oral,10yrs,23144310,1709,6.5,6.2,6.8,14033249,1257,7,6.6,7.4,7675012,401,5.4,4.9,6
Nationwide,Female,Oral,10yrs,1576109989,116324,6.3,6.3,6.4,1017270568,92610,6.7,6.7,6.8,207746929,10563,5.2,5.1,5.3
A9010,Female,Oral,10yrs,331586,28,7,4.6,10.3,219491,20,6.6,3.8,10.7,92529,,,,
A9013,Female,Oral,10yrs,290418,24,7.7,4.9,11.5,205185,23,9.4,5.9,14.3,58462,,,,
A9017,Female,Oral,10yrs,324159,20,5.6,3.3,8.7,137444,,,,,178143,,,,
A9020,Female,Oral,10yrs,357225,28,7.4,4.9,10.7,85151,,,,,261232,16,7.2,4,11.8
A9034,Female,Oral,10yrs,321590,31,8,5.4,11.5,187481,22,8.7,5.3,13.5,121828,,,,
A9038,Female,Oral,10yrs,311939,27,7.9,5.1,11.5,212625,21,8,4.9,12.4,78027,,,,
Statewide,Male,Oral,10yrs,22132383,4618,20,19.4,20.6,13591875,3456,21.5,20.8,22.3,6949759,1034,17.1,16,18.2
Nationwide,Male,Oral,10yrs,1525239467,278941,17.2,17.1,17.2,984673450,227869,18.5,18.4,18.6,189799278,24150,15,14.8,15.2
A9010,Male,Oral,10yrs,298401,67,21.5,16.6,27.5,196992,42,18.5,13.2,25.3,80459,24,32.4,20.5,48.8
A9013,Male,Oral,10yrs,288663,63,23.3,17.8,29.8,205005,56,26.2,19.7,34.1,54492,,,,
A9017,Male,Oral,10yrs,305440,73,20.7,16.1,26.3,137628,38,21.2,14.9,29.6,159196,35,22.1,15,31.3
A9020,Male,Oral,10yrs,301581,82,28.3,22.4,35.4,78547,44,38.8,27.9,53.1,211739,38,24.7,16.8,34.9
A9034,Male,Oral,10yrs,299120,66,18.6,14.3,23.9,178944,51,20.8,15.4,27.8,107536,,,,
A9038,Male,Oral,10yrs,295287,65,21,16.1,27,207017,52,21.6,16,28.7,66385,,,,
Statewide,Both,Thyroid,10yrs,45276693,5555,11.9,11.6,12.2,27625124,4193,13.8,13.4,14.3,14624771,1089,8.1,7.6,8.6
Nationwide,Both,Thyroid,10yrs,3101349456,435233,13.5,13.5,13.6,2001944018,321027,14.6,14.5,14.6,397546207,32036,8.6,8.6,8.7
A9010,Both,Thyroid,10yrs,629987,85,12.9,10.2,16,416483,69,14.5,11.1,18.6,172988,,,,
A9013,Both,Thyroid,10yrs,579080,70,11.9,9.2,15.1,410189,56,13,9.7,16.9,112954,,,,
A9017,Both,Thyroid,10yrs,629599,78,11.6,9.1,14.6,275072,54,16.2,12,21.5,337339,21,6.6,4,10.2
A9020,Both,Thyroid,10yrs,658806,76,11.4,8.9,14.3,163699,32,15.8,10.4,23,472971,43,10.1,7.2,13.8
A9034,Both,Thyroid,10yrs,620709,78,11.7,9.2,14.7,366425,58,13.9,10.4,18.2,229364,17,8,4.6,12.8
A9038,Both,Thyroid,10yrs,607227,105,16.8,13.7,20.4,419643,80,17.4,13.7,21.8,144412,16,13,7.3,21.4
Statewide,Female,Thyroid,10yrs,23144310,4198,17.5,16.9,18,14033249,3096,20.4,19.6,21.1,7675012,902,12.3,11.5,13.1
Nationwide,Female,Thyroid,10yrs,1576109989,328453,20.1,20,20.1,1017270568,236304,21.5,21.4,21.6,207746929,26091,12.9,12.7,13
A9010,Female,Thyroid,10yrs,331586,63,17.4,13.2,22.5,219491,52,20.1,14.7,26.9,92529,,,,
A9013,Female,Thyroid,10yrs,290418,51,16.9,12.5,22.4,205185,38,17.7,12.4,24.5,58462,,,,
A9017,Female,Thyroid,10yrs,324159,60,17.5,13.2,22.8,137444,41,26.2,18.4,36.1,178143,17,9.8,5.6,15.8
A9020,Female,Thyroid,10yrs,357225,62,16.5,12.6,21.3,85151,23,22.3,13.6,34.8,261232,38,15.3,10.7,21.2
A9034,Female,Thyroid,10yrs,321590,63,18.4,14,23.7,187481,46,22.5,16.1,30.5,121828,,,,
A9038,Female,Thyroid,10yrs,311939,83,25.5,20.2,31.7,212625,61,25.9,19.7,33.5,78027,,,,
Statewide,Male,Thyroid,10yrs,22132383,1357,6.1,5.7,6.4,13591875,1097,7.2,6.8,7.7,6949759,187,3.1,2.6,3.6
Nationwide,Male,Thyroid,10yrs,1525239467,106780,6.8,6.8,6.8,984673450,84723,7.6,7.5,7.6,189799278,5945,3.7,3.6,3.8
A9010,Male,Thyroid,10yrs,298401,22,7.7,4.7,11.7,196992,17,8.1,4.6,13.2,80459,,,,
A9013,Male,Thyroid,10yrs,288663,19,6.7,4,10.6,205005,18,8.2,4.8,13.1,54492,,,,
A9017,Male,Thyroid,10yrs,305440,18,5.3,3.1,8.5,137628,,,,,159196,,,,
A9020,Male,Thyroid,10yrs,301581,,,,,78547,,,,,211739,,,,
A9034,Male,Thyroid,10yrs,299120,,,,,178944,,,,,107536,,,,
A9038,Male,Thyroid,10yrs,295287,22,7.6,4.7,11.5,207017,19,8.7,5.2,13.7,66385,,,,
Statewide,Female,Uterine,10yrs,23144310,4931,18.5,18,19.1,14033249,3235,18,17.4,18.6,7675012,1516,20.7,19.7,21.8
Nationwide,Female,Uterine,10yrs,1576109989,475846,25.5,25.4,25.5,1017270568,364942,26.3,26.2,26.3,207746929,49589,24.7,24.5,25
A9010,Female,Uterine,10yrs,331586,93,21,16.8,25.9,219491,59,18.1,13.6,23.8,92529,32,32.6,22.2,46.2
A9013,Female,Uterine,10yrs,290418,56,18,13.5,23.4,205185,41,17.1,12.2,23.4,58462,,,,
A9017,Female,Uterine,10yrs,324159,85,21,16.7,26.2,137444,39,21.1,14.8,29.4,178143,46,22.7,16.5,30.5
A9020,Female,Uterine,10yrs,357225,102,26.2,21.3,31.9,85151,41,29,20.3,40.9,261232,61,25.9,19.7,33.5
A9034,Female,Uterine,10yrs,321590,83,20.8,16.5,25.9,187481,43,15.4,11,21.1,121828,37,31.5,22,43.6
A9038,Female,Uterine,10yrs,311939,42,12.2,8.7,16.5,212625,26,9.6,6.2,14.2,78027,,,,
Statewide,Both,Liver,10yrs,45276693,4287,8.4,8.1,8.7,27625124,2463,7.1,6.8,7.3,14624771,1548,11.1,10.5,11.7
Nationwide,Both,Liver,10yrs,3101349456,254363,7.2,7.2,7.2,2001944018,157355,5.9,5.8,5.9,397546207,36150,9.6,9.5,9.7
A9010,Both,Liver,10yrs,629987,59,8,6,10.4,416483,35,6,4.1,8.6,172988,21,12.9,7.9,19.9
A9013,Both,Liver,10yrs,579080,41,6.9,4.9,9.4,410189,37,8,5.6,11.1,112954,,,,
A9017,Both,Liver,10yrs,629599,77,10.1,8,12.8,275072,25,6.7,4.3,10.1,337339,51,13.9,10.3,18.5
A9020,Both,Liver,10yrs,658806,69,9.9,7.7,12.6,163699,18,7.4,4.2,12.3,472971,51,12.1,8.9,16
A9034,Both,Liver,10yrs,620709,50,6.6,4.9,8.8,366425,25,5.2,3.3,7.8,229364,22,9.3,5.8,14.3
A9038,Both,Liver,10yrs,607227,36,5.5,3.8,7.6,419643,25,5.1,3.3,7.6,144412,,,,
Statewide,Female,Liver,10yrs,23144310,988,3.7,3.5,4,14033249,585,3.2,2.9,3.5,7675012,336,4.6,4.1,5.1
Nationwide,Female,Liver,10yrs,1576109989,71150,3.8,3.8,3.8,1017270568,43813,3.1,3.1,3.1,207746929,9451,4.7,4.6,4.8
A9010,Female,Liver,10yrs,331586,,,,,219491,,,,,92529,,,,
A9013,Female,Liver,10yrs,290418,,,,,205185,,,,,58462,,,,
A9017,Female,Liver,10yrs,324159,17,4.6,2.6,7.5,137444,,,,,178143,,,,
A9020,Female,Liver,10yrs,357225,22,5.6,3.5,8.6,85151,,,,,261232,16,6.7,3.7,11.1
A9034,Female,Liver,10yrs,321590,,,,,187481,,,,,121828,,,,
A9038,Female,Liver,10yrs,311939,,,,,212625,,,,,78027,,,,
Statewide,Male,Liver,10yrs,22132383,3299,13.9,13.4,14.4,13591875,1878,11.5,10.9,12,6949759,1212,19.3,18.2,20.5
Nationwide,Male,Liver,10yrs,1525239467,183213,11.1,11,11.1,984673450,113542,9,9,9.1,189799278,26699,15.8,15.6,16
A9010,Male,Liver,10yrs,298401,45,13.7,9.9,18.4,196992,26,10.3,6.7,15.3,80459,16,21.6,12.1,35.6
A9013,Male,Liver,10yrs,288663,30,10.6,7.1,15.3,205005,28,12.9,8.5,18.7,54492,,,,
A9017,Male,Liver,10yrs,305440,60,16.1,12.2,21,137628,20,10.5,6.3,16.6,159196,39,22.9,16,31.8
A9020,Male,Liver,10yrs,301581,47,15.5,11.3,20.8,78547,,,,,211739,35,19.4,13.3,27.4
A9034,Male,Liver,10yrs,299120,38,11,7.7,15.3,178944,18,7.9,4.6,12.9,107536,18,18,10.4,29
A9038,Male,Liver,10yrs,295287,31,10.4,7,14.9,207017,21,9.4,5.7,14.6,66385,,,,
Statewide,Both,Stomach,10yrs,45276693,3694,7.8,7.5,8,27625124,1933,5.8,5.5,6.1,14624771,1581,13.2,12.6,13.9
Nationwide,Both,Stomach,10yrs,3101349456,222297,6.6,6.5,6.6,2001944018,140837,5.4,5.3,5.4,397546207,34119,10.6,10.4,10.7
A9010,Both,Stomach,10yrs,629987,60,7.8,5.9,10.1,416483,31,5.1,3.4,7.4,172988,27,16.2,10.6,23.6
A9013,Both,Stomach,10yrs,579080,40,7.3,5.2,10,410189,25,5.7,3.7,8.5,112954,,,,
A9017,Both,Stomach,10yrs,629599,62,8.5,6.5,11,275072,21,5.2,3.2,8.1,337339,40,12.5,8.9,17.1
A9020,Both,Stomach,10yrs,658806,70,10.6,8.2,13.4,163699,16,5.4,3,9.4,472971,50,13.6,9.9,18.1
A9034,Both,Stomach,10yrs,620709,67,9.4,7.3,12,366425,34,6.7,4.6,9.5,229364,33,16.7,11.3,23.6
A9038,Both,Stomach,10yrs,607227,42,6.5,4.7,8.8,419643,26,5.2,3.4,7.6,144412,,,,
Statewide,Female,Stomach,10yrs,23144310,1411,5.4,5.1,5.7,14033249,675,3.7,3.5,4,7675012,658,9.6,8.9,10.4
Nationwide,Female,Stomach,10yrs,1576109989,84691,4.6,4.5,4.6,1017270568,49739,3.5,3.4,3.5,207746929,14610,7.8,7.7,7.9
A9010,Female,Stomach,10yrs,331586,30,6.5,4.2,9.5,219491,16,4.6,2.6,8,92529,,,,
A9013,Female,Stomach,10yrs,290418,,,,,205185,,,,,58462,,,,
A9017,Female,Stomach,10yrs,324159,24,6.3,4,9.4,137444,,,,,178143,19,10.6,6.3,16.5
A9020,Female,Stomach,10yrs,357225,32,8.5,5.8,12,85151,,,,,261232,23,11,6.8,16.6
A9034,Female,Stomach,10yrs,321590,34,8.8,6,12.4,187481,16,5.7,3.2,9.7,121828,18,16.4,9.6,26.1
A9038,Female,Stomach,10yrs,311939,16,4.5,2.5,7.3,212625,,,,,78027,,,,
Statewide,Male,Stomach,10yrs,22132383,2283,10.8,10.3,11.2,13591875,1258,8.3,7.9,8.8,6949759,923,18.4,17.2,19.7
Nationwide,Male,Stomach,10yrs,1525239467,137606,9.1,9,9.1,984673450,91098,7.7,7.7,7.8,189799278,19509,14.6,14.4,14.8
A9010,Male,Stomach,10yrs,298401,30,9.4,6.3,13.5,196992,,,,,80459,,,,
A9013,Male,Stomach,10yrs,288663,31,12.8,8.6,18.2,205005,22,11.2,7,17,54492,,,,
A9017,Male,Stomach,10yrs,305440,38,11.1,7.7,15.5,137628,17,8.5,4.9,14.1,159196,21,15.2,9.1,23.7
A9020,Male,Stomach,10yrs,301581,38,13.5,9.5,18.8,78547,,,,,211739,27,17.1,10.8,25.7
A9034,Male,Stomach,10yrs,299120,33,10.3,7,14.6,178944,18,7.9,4.6,12.9,107536,,,,
A9038,Male,Stomach,10yrs,295287,26,9.4,6,13.9,207017,16,7.1,4,11.7,66385,,,,
Statewide,Both,Myeloma,10yrs,45276693,3481,7.3,7,7.5,27625124,1857,5.5,5.3,5.8,14624771,1535,12.8,12.1,13.4
Nationwide,Both,Myeloma,10yrs,3101349456,217285,6.4,6.3,6.4,2001944018,148833,5.6,5.6,5.7,397546207,42486,12.8,12.7,13
A9010,Both,Myeloma,10yrs,629987,51,6.3,4.7,8.4,416483,31,4.6,3.1,6.8,172988,19,11.5,6.8,18
A9013,Both,Myeloma,10yrs,579080,40,7.2,5.2,9.9,410189,29,6.5,4.3,9.3,112954,,,,
A9017,Both,Myeloma,10yrs,629599,80,11.4,9,14.3,275072,26,7.4,4.7,11,337339,52,16.2,12,21.3
A9020,Both,Myeloma,10yrs,658806,65,9.7,7.5,12.5,163699,,,,,472971,50,13.3,9.7,17.7
A9034,Both,Myeloma,10yrs,620709,59,8.5,6.4,11,366425,32,6.3,4.3,9,229364,27,14.3,9.3,20.9
A9038,Both,Myeloma,10yrs,607227,30,5,3.3,7.1,419643,16,3.3,1.9,5.5,144412,,,,
Statewide,Female,Myeloma,10yrs,23144310,1579,6,5.7,6.3,14033249,783,4.3,4,4.6,7675012,754,10.8,10,11.6
Nationwide,Female,Myeloma,10yrs,1576109989,96828,5.2,5.1,5.2,1017270568,63491,4.4,4.4,4.4,207746929,21433,11.2,11.1,11.4
A9010,Female,Myeloma,10yrs,331586,27,6,3.9,8.9,219491,17,4.8,2.8,8.2,92529,,,,
A9013,Female,Myeloma,10yrs,290418,21,6.9,4.2,10.6,205185,,,,,58462,,,,
A9017,Female,Myeloma,10yrs,324159,35,9.3,6.4,13,137444,,,,,178143,20,11.4,6.9,17.7
A9020,Female,Myeloma,10yrs,357225,31,8.2,5.5,11.7,85151,,,,,261232,24,10.9,6.9,16.3
A9034,Female,Myeloma,10yrs,321590,28,7.3,4.8,10.7,187481,16,6,3.4,10.1,121828,,,,
A9038,Female,Myeloma,10yrs,311939,17,4.9,2.9,8,212625,,,,,78027,,,,
Statewide,Male,Myeloma,10yrs,22132383,1902,9.1,8.7,9.5,13591875,1074,7.2,6.8,7.7,6949759,781,15.6,14.5,16.8
Nationwide,Male,Myeloma,10yrs,1525239467,120457,7.9,7.9,8,984673450,85342,7.2,7.1,7.2,189799278,21053,15.3,15,15.5
A9010,Male,Myeloma,10yrs,298401,24,7,4.5,10.6,196992,,,,,80459,,,,
A9013,Male,Myeloma,10yrs,288663,19,8,4.8,12.5,205005,16,8.2,4.6,13.3,54492,,,,
A9017,Male,Myeloma,10yrs,305440,45,13.8,9.9,18.7,137628,,,,,159196,32,22.7,15.1,32.6
A9020,Male,Myeloma,10yrs,301581,34,12.1,8.3,17.1,78547,,,,,211739,26,17.2,10.6,26.1
A9034,Male,Myeloma,10yrs,299120,31,10.3,6.9,14.7,178944,16,7.1,4,11.8,107536,,,,
A9038,Male,Myeloma,10yrs,295287,,,,,207017,,,,,66385,,,,
Statewide,Both,Brain,10yrs,45276693,2789,5.9,5.7,6.2,27625124,2139,6.9,6.6,7.2,14624771,545,4,3.6,4.3
Nationwide,Both,Brain,10yrs,3101349456,212709,6.5,6.5,6.5,2001944018,169381,7.3,7.3,7.4,397546207,14932,4,3.9,4.1
A9010,Both,Brain,10yrs,629987,51,7.5,5.5,9.9,416483,42,8.4,5.9,11.5,172988,,,,
A9013,Both,Brain,10yrs,579080,42,7.5,5.4,10.1,410189,33,7.7,5.3,10.8,112954,,,,
A9017,Both,Brain,10yrs,629599,22,3.3,2,5,275072,,,,,337339,,,,
A9020,Both,Brain,10yrs,658806,29,4.3,2.9,6.2,163699,,,,,472971,,,,
A9034,Both,Brain,10yrs,620709,47,6.3,4.6,8.5,366425,35,7,4.9,10,229364,,,,
A9038,Both,Brain,10yrs,607227,53,8.5,6.3,11.1,419643,48,10.3,7.5,13.7,144412,,,,
Statewide,Female,Brain,10yrs,23144310,1251,5,4.8,5.3,14033249,941,5.9,5.5,6.3,7675012,261,3.5,3.1,4
Nationwide,Female,Brain,10yrs,1576109989,94675,5.5,5.5,5.5,1017270568,74705,6.2,6.2,6.3,207746929,7061,3.5,3.4,3.6
A9010,Female,Brain,10yrs,331586,31,8.1,5.4,11.7,219491,27,9.3,5.9,14.1,92529,,,,
A9013,Female,Brain,10yrs,290418,23,7.7,4.8,11.6,205185,19,8.7,5.2,13.6,58462,,,,
A9017,Female,Brain,10yrs,324159,,,,,137444,,,,,178143,,,,
A9020,Female,Brain,10yrs,357225,16,4.2,2.4,6.8,85151,,,,,261232,,,,
A9034,Female,Brain,10yrs,321590,18,4.7,2.7,7.6,187481,,,,,121828,,,,
A9038,Female,Brain,10yrs,311939,24,7.1,4.5,10.6,212625,22,9.1,5.6,13.9,78027,,,,
Statewide,Male,Brain,10yrs,22132383,1538,7,6.7,7.4,13591875,1198,8.2,7.7,8.6,6949759,284,4.5,4,5.1
Nationwide,Male,Brain,10yrs,1525239467,118034,7.6,7.6,7.7,984673450,94676,8.6,8.5,8.6,189799278,7871,4.7,4.6,4.8
A9010,Male,Brain,10yrs,298401,20,6.4,3.8,10,196992,,,,,80459,,,,
A9013,Male,Brain,10yrs,288663,19,7.3,4.4,11.5,205005,,,,,54492,,,,
A9017,Male,Brain,10yrs,305440,,,,,137628,,,,,159196,,,,
A9020,Male,Brain,10yrs,301581,,,,,78547,,,,,211739,,,,
A9034,Male,Brain,10yrs,299120,29,8,5.3,11.7,178944,23,9.4,5.9,14.5,107536,,,,
A9038,Male,Brain,10yrs,295287,29,10.5,6.9,15.2,207017,26,12.2,7.9,18.1,66385,,,,
Statewide,Both,Larynx,10yrs,45276693,2649,5.3,5.1,5.5,27625124,1699,4.9,4.7,5.2,14624771,898,6.7,6.3,7.2
Nationwide,Both,Larynx,10yrs,3101349456,125008,3.6,3.5,3.6,2001944018,97225,3.6,3.6,3.7,397546207,17300,4.8,4.8,4.9
A9010,Both,Larynx,10yrs,629987,28,3.9,2.5,5.6,416483,,,,,172988,,,,
A9013,Both,Larynx,10yrs,579080,34,6,4.1,8.4,410189,25,5.4,3.5,8,112954,,,,
A9017,Both,Larynx,10yrs,629599,41,5.6,4,7.7,275072,26,7,4.5,10.5,337339,,,,
A9020,Both,Larynx,10yrs,658806,35,5.1,3.5,7.2,163699,16,5.3,3,9.2,472971,19,4.9,2.9,7.9
A9034,Both,Larynx,10yrs,620709,45,6,4.4,8.2,366425,27,5.4,3.5,8,229364,18,8.2,4.8,13.2
A9038,Both,Larynx,10yrs,607227,21,3.1,1.9,4.8,419643,,,,,144412,,,,
Statewide,Female,Larynx,10yrs,23144310,564,2.1,1.9,2.3,14033249,390,2.2,1.9,2.4,7675012,164,2.1,1.8,2.5
Nationwide,Female,Larynx,10yrs,1576109989,25579,1.4,1.4,1.4,1017270568,20453,1.5,1.5,1.5,207746929,3532,1.7,1.7,1.8
A9010,Female,Larynx,10yrs,331586,,,,,219491,,,,,92529,,,,
A9013,Female,Larynx,10yrs,290418,,,,,205185,,,,,58462,,,,
A9017,Female,Larynx,10yrs,324159,,,,,137444,,,,,178143,,,,
A9020,Female,Larynx,10yrs,357225,,,,,85151,,,,,261232,,,,
A9034,Female,Larynx,10yrs,321590,,,,,187481,,,,,121828,,,,
A9038,Female,Larynx,10yrs,311939,,,,,212625,,,,,78027,,,,
Statewide,Male,Larynx,10yrs,22132383,2085,9.2,8.8,9.6,13591875,1309,8.2,7.8,8.7,6949759,734,13,12,14
Nationwide,Male,Larynx,10yrs,1525239467,99429,6.2,6.1,6.2,984673450,76772,6.2,6.2,6.2,189799278,13768,9.2,9,9.3
A9010,Male,Larynx,10yrs,298401,22,6.9,4.3,10.6,196992,,,,,80459,,,,
A9013,Male,Larynx,10yrs,288663,25,10.3,6.6,15.2,205005,19,9.1,5.5,14.4,54492,,,,
A9017,Male,Larynx,10yrs,305440,30,9.1,6,13.3,137628,19,10.6,6.3,17,159196,,,,
A9020,Male,Larynx,10yrs,301581,25,9.1,5.8,13.5,78547,,,,,211739,,,,
A9034,Male,Larynx,10yrs,299120,36,10.5,7.3,14.7,178944,21,9,5.5,14.1,107536,,,,
A9038,Male,Larynx,10yrs,295287,,,,,207017,,,,,66385,,,,
Statewide,Female,Ovary,10yrs,23144310,2650,10.2,9.8,10.6,14033249,1902,10.7,10.3,11.2,7675012,661,9.3,8.6,10
Nationwide,Female,Ovary,10yrs,1576109989,212000,11.7,11.6,11.7,1017270568,164601,12.2,12.2,12.3,207746929,18282,9.3,9.1,9.4
A9010,Female,Ovary,10yrs,331586,47,11,8,14.9,219491,37,11.7,8,16.7,92529,,,,
A9013,Female,Ovary,10yrs,290418,27,9,5.9,13.2,205185,25,10.9,7,16.2,58462,,,,
A9017,Female,Ovary,10yrs,324159,39,10,7,13.8,137444,19,9.3,5.6,14.9,178143,20,10.7,6.4,16.7
A9020,Female,Ovary,10yrs,357225,40,10.7,7.6,14.6,85151,17,11.7,6.3,20.6,261232,23,10.7,6.6,16.2
A9034,Female,Ovary,10yrs,321590,29,7.5,4.9,10.9,187481,24,9.5,5.9,14.5,121828,,,,
A9038,Female,Ovary,10yrs,311939,30,8.8,5.9,12.6,212625,25,9.4,6.1,14.1,78027,,,,
Statewide,Both,Esoph,10yrs,45276693,2423,4.9,4.7,5.1,27625124,1695,4.9,4.7,5.1,14624771,674,5.2,4.8,5.6
Nationwide,Both,Esoph,10yrs,3101349456,160773,4.6,4.6,4.7,2001944018,132433,5,4.9,5,397546207,15794,4.6,4.5,4.6
A9010,Both,Esoph,10yrs,629987,39,5,3.5,6.9,416483,28,4.6,3,6.8,172988,,,,
A9013,Both,Esoph,10yrs,579080,29,5.2,3.5,7.5,410189,27,6.1,4,8.9,112954,,,,
A9017,Both,Esoph,10yrs,629599,45,6,4.4,8.1,275072,23,6.2,3.9,9.4,337339,22,6,3.7,9.2
A9020,Both,Esoph,10yrs,658806,48,7.4,5.5,9.9,163699,17,8.4,4.5,14.2,472971,31,8.5,5.6,12.2
A9034,Both,Esoph,10yrs,620709,44,5.5,4,7.5,366425,30,5.3,3.5,7.7,229364,,,,
A9038,Both,Esoph,10yrs,607227,36,5.5,3.9,7.7,419643,28,5.4,3.6,7.9,144412,,,,
Statewide,Female,Esoph,10yrs,23144310,524,2,1.8,2.1,14033249,326,1.7,1.5,1.9,7675012,184,2.6,2.2,3
Nationwide,Female,Esoph,10yrs,1576109989,34080,1.8,1.8,1.8,1017270568,26551,1.8,1.8,1.8,207746929,4731,2.4,2.3,2.5
A9010,Female,Esoph,10yrs,331586,,,,,219491,,,,,92529,,,,
A9013,Female,Esoph,10yrs,290418,,,,,205185,,,,,58462,,,,
A9017,Female,Esoph,10yrs,324159,,,,,137444,,,,,178143,,,,
A9020,Female,Esoph,10yrs,357225,,,,,85151,,,,,261232,,,,
A9034,Female,Esoph,10yrs,321590,,,,,187481,,,,,121828,,,,
A9038,Female,Esoph,10yrs,311939,,,,,212625,,,,,78027,,,,
Statewide,Male,Esoph,10yrs,22132383,1899,8.5,8.1,8.9,13591875,1369,8.6,8.2,9.1,6949759,490,8.8,8,9.7
Nationwide,Male,Esoph,10yrs,1525239467,126693,8.1,8,8.1,984673450,105882,8.7,8.6,8.7,189799278,11063,7.6,7.4,7.7
A9010,Male,Esoph,10yrs,298401,25,7.9,5.1,11.7,196992,18,7,4.1,11.4,80459,,,,
A9013,Male,Esoph,10yrs,288663,23,8.8,5.5,13.2,205005,21,9.9,6.1,15.2,54492,,,,
A9017,Male,Esoph,10yrs,305440,39,11.8,8.2,16.3,137628,21,11.7,7.2,18.3,159196,18,12.3,6.9,20
A9020,Male,Esoph,10yrs,301581,39,14.7,10.3,20.2,78547,,,,,211739,25,17.7,10.8,26.9
A9034,Male,Esoph,10yrs,299120,33,9.4,6.4,13.3,178944,23,9.3,5.8,14.3,107536,,,,
A9038,Male,Esoph,10yrs,295287,21,7.3,4.4,11.3,207017,18,7.8,4.5,12.5,66385,,,,