GeoID,Years,GeoType,TotalPop,PctRural,PctMinority,PctHispanic,PctBlackNH,PctAPINH,Pct_forborn,PctDisabled,PctEducLHS,PctEducBchPlus,Pct100Pov,PctNoHealthIns
34001,01yr,County,274549,12.71,41.41,16.84,14.89,7.46,15.79,11.30,11.60,30.10,13.03,7.70
34001,05yrs,County,274549,12.71,41.41,16.84,14.89,7.46,15.79,11.30,11.60,30.10,13.03,7.70
34001,10yrs,County,274549,12.71,41.41,16.84,14.89,7.46,16.02,11.04,12.65,28.35,14.14,9.40
34003,01yr,County,905116,0.10,37.46,16.05,5.18,14.44,31.40,5.40,7.00,51.70,6.77,6.60
34003,05yrs,County,905116,0.10,37.46,16.05,5.18,14.44,31.40,5.40,7.00,51.70,6.77,6.60
34003,10yrs,County,905116,0.10,37.46,16.05,5.18,14.44,30.93,5.25,7.45,49.80,6.99,7.90
34005,01yr,County,448734,6.66,29.35,6.42,15.88,4.32,10.69,8.44,5.90,41.10,6.58,4.10
34005,05yrs,County,448734,6.66,29.35,6.42,15.88,4.32,10.69,8.44,5.90,41.10,6.58,4.10
34005,10yrs,County,448734,6.66,29.35,6.42,15.88,4.32,10.03,8.65,6.25,38.95,6.50,4.65
34007,01yr,County,513657,1.62,39.72,14.24,18.45,5.09,11.81,12.24,10.70,34.30,12.41,6.70
34007,05yrs,County,513657,1.62,39.72,14.24,18.45,5.09,11.81,12.24,10.70,34.30,12.41,6.70
34007,10yrs,County,513657,1.62,39.72,14.24,18.45,5.09,11.43,11.64,11.10,32.70,12.74,7.70
34009,01yr,County,97265,17.45,13.10,6.22,4.36,0.87,4.75,11.64,6.10,35.90,8.96,5.60
34009,05yrs,County,97265,17.45,13.10,6.22,4.36,0.87,4.75,11.64,6.10,35.90,8.96,5.60
34009,10yrs,County,97265,17.45,13.10,6.22,4.36,0.87,4.79,11.13,7.65,33.60,9.79,6.15
34011,01yr,County,156898,23.03,49.69,27.06,18.72,1.20,10.87,12.87,18.80,17.30,15.52,9.60
34011,05yrs,County,156898,23.03,49.69,27.06,18.72,1.20,10.87,12.87,18.80,17.30,15.52,9.60
34011,10yrs,County,156898,23.03,49.69,27.06,18.72,1.20,10.67,12.78,20.50,15.85,17.14,10.85
34013,01yr,County,783969,0.01,66.81,20.30,39.33,4.52,28.99,10.05,13.00,37.40,15.03,11.50
34013,05yrs,County,783969,0.01,66.81,20.30,39.33,4.52,28.99,10.05,13.00,37.40,15.03,11.50
34013,10yrs,County,783969,0.01,66.81,20.30,39.33,4.52,27.40,10.11,13.85,35.70,15.87,12.60
34015,01yr,County,288288,8.35,18.94,4.76,9.68,2.63,5.82,10.36,6.40,35.20,7.47,4.30
34015,05yrs,County,288288,8.35,18.94,4.76,9.68,2.63,5.82,10.36,6.40,35.20,7.47,4.30
34015,10yrs,County,288288,8.35,18.94,4.76,9.68,2.63,5.65,10.46,6.95,33.10,7.71,5.00
34017,01yr,County,634266,0.00,69.18,42.23,11.24,13.24,42.72,6.23,12.80,46.60,14.16,11.60
34017,05yrs,County,634266,0.00,69.18,42.23,11.24,13.24,42.72,6.23,12.80,46.60,14.16,11.60
34017,10yrs,County,634266,0.00,69.18,42.23,11.24,13.24,42.86,6.62,14.50,42.95,15.65,13.90
34019,01yr,County,128349,49.57,12.26,5.24,2.52,3.26,10.40,6.28,4.30,55.50,3.69,2.80
34019,05yrs,County,128349,49.57,12.26,5.24,2.52,3.26,10.40,6.28,4.30,55.50,3.69,2.80
34019,10yrs,County,128349,49.57,12.26,5.24,2.52,3.26,9.60,5.95,4.70,53.10,4.07,3.15
34021,01yr,County,366513,3.48,45.46,15.09,19.47,8.92,24.59,8.26,10.30,44.20,11.22,7.00
34021,05yrs,County,366513,3.48,45.46,15.09,19.47,8.92,24.59,8.26,10.30,44.20,11.22,7.00
34021,10yrs,County,366513,3.48,45.46,15.09,19.47,8.92,23.40,8.26,11.25,42.85,11.28,8.20
34023,01yr,County,809858,0.67,50.77,18.40,8.84,21.32,34.10,6.74,10.30,45.10,8.35,6.70
34023,05yrs,County,809858,0.67,50.77,18.40,8.84,21.32,34.10,6.74,10.30,45.10,8.35,6.70
34023,10yrs,County,809858,0.67,50.77,18.40,8.84,21.32,33.33,6.50,10.50,43.55,8.47,7.80
34025,01yr,County,630380,3.73,23.31,9.67,6.97,4.95,13.24,7.60,5.70,49.90,6.38,5.00
34025,05yrs,County,630380,3.73,23.31,9.67,6.97,4.95,13.24,7.60,5.70,49.90,6.38,5.00
34025,10yrs,County,630380,3.73,23.31,9.67,6.97,4.95,13.36,7.46,6.40,46.95,6.97,6.20
34027,01yr,County,492276,6.77,24.93,11.47,2.87,8.92,19.34,5.90,4.90,57.10,4.95,4.60
34027,05yrs,County,492276,6.77,24.93,11.47,2.87,8.92,19.34,5.90,4.90,57.10,4.95,4.60
34027,10yrs,County,492276,6.77,24.93,11.47,2.87,8.92,19.15,5.52,5.45,54.85,4.80,5.30
34029,01yr,County,576567,2.90,14.05,8.29,2.88,1.74,7.77,8.95,6.90,32.90,10.49,4.50
34029,05yrs,County,576567,2.90,14.05,8.29,2.88,1.74,7.77,8.95,6.90,32.90,10.49,4.50
34029,10yrs,County,576567,2.90,14.05,8.29,2.88,1.74,7.89,9.36,7.85,30.65,10.67,5.90
34031,01yr,County,501226,2.41,54.68,37.04,11.07,4.91,32.46,6.41,14.80,30.10,13.46,12.50
34031,05yrs,County,501226,2.41,54.68,37.04,11.07,4.91,32.46,6.41,14.80,30.10,13.46,12.50
34031,10yrs,County,501226,2.41,54.68,37.04,11.07,4.91,30.77,6.43,15.95,28.55,15.25,13.20
34033,01yr,County,66083,45.30,23.22,6.82,13.53,0.84,3.27,14.30,9.80,22.80,13.03,4.80
34033,05yrs,County,66083,45.30,23.22,6.82,13.53,0.84,3.27,14.30,9.80,22.80,13.03,4.80
34033,10yrs,County,66083,45.30,23.22,6.82,13.53,0.84,4.09,13.72,11.35,21.90,13.60,6.05
34035,01yr,County,323444,5.79,37.59,13.01,8.50,14.08,26.85,5.39,6.00,57.30,5.29,5.60
34035,05yrs,County,323444,5.79,37.59,13.01,8.50,14.08,26.85,5.39,6.00,57.30,5.29,5.60
34035,10yrs,County,323444,5.79,37.59,13.01,8.50,14.08,25.73,5.31,5.80,55.20,5.03,6.00
34037,01yr,County,149265,39.85,11.24,6.44,1.64,1.76,8.11,8.51,4.60,39.00,5.54,3.60
34037,05yrs,County,149265,39.85,11.24,6.44,1.64,1.76,8.11,8.51,4.60,39.00,5.54,3.60
34037,10yrs,County,149265,39.85,11.24,6.44,1.64,1.76,8.04,8.32,5.10,36.70,5.43,5.00
34039,01yr,County,536499,0.00,54.65,27.34,20.82,4.59,31.61,6.79,13.20,38.30,8.86,12.10
34039,05yrs,County,536499,0.00,54.65,27.34,20.82,4.59,31.61,6.79,13.20,38.30,8.86,12.10
34039,10yrs,County,536499,0.00,54.65,27.34,20.82,4.59,30.76,6.75,13.60,36.20,9.59,12.55
34041,01yr,County,108692,37.56,14.29,7.05,3.30,2.45,9.85,9.23,6.20,35.50,7.74,5.00
34041,05yrs,County,108692,37.56,14.29,7.05,3.30,2.45,9.85,9.23,6.20,35.50,7.74,5.00
34041,10yrs,County,108692,37.56,14.29,7.05,3.30,2.45,9.57,9.40,7.70,33.60,7.96,6.05
US,01yr,Nationwide,308745538,19.27,36.25,16.35,12.21,4.84,13.68,10.46,10.80,34.30,12.53,8.70
US,05yrs,Nationwide,308745538,19.27,36.25,16.35,12.21,4.84,13.68,10.46,10.80,34.30,12.53,8.70
US,10yrs,Nationwide,308745538,19.27,36.25,16.35,12.21,4.84,13.54,10.40,11.70,32.60,13.56,9.60
34,01yr,State,8791894,5.32,40.69,17.69,12.80,8.21,23.19,7.89,9.30,42.30,9.68,7.50
34,05yrs,State,8791894,5.32,40.69,17.69,12.80,8.21,23.19,7.89,9.30,42.30,9.68,7.50
34,10yrs,State,8791894,5.32,40.69,17.69,12.80,8.21,22.64,7.84,10.05,40.20,10.18,8.60
A9001za,01yr,Zone,59745,0.00,59.42,15.81,14.57,26.05,36.36,7.29,9.66,41.17,8.89,5.83
A9001za,05yrs,Zone,59745,0.00,59.42,15.81,14.57,26.05,36.36,7.29,9.66,41.17,8.89,5.83
A9001za,10yrs,Zone,59745,0.00,59.42,15.81,14.57,26.05,35.77,6.70,9.65,40.88,7.59,7.17
A9002za,01yr,Zone,61133,0.09,40.44,8.56,3.06,26.11,32.74,4.91,5.35,58.19,4.35,3.84
A9002za,05yrs,Zone,61133,0.09,40.44,8.56,3.06,26.11,32.74,4.91,5.35,58.19,4.35,3.84
A9002za,10yrs,Zone,61133,0.09,40.44,8.56,3.06,26.11,33.04,4.54,6.11,55.88,4.44,5.02
A9003za,01yr,Zone,55352,0.00,79.78,28.37,47.62,1.78,9.15,22.13,21.55,13.19,28.60,8.76
A9003za,05yrs,Zone,55352,0.00,79.78,28.37,47.62,1.78,9.15,22.13,21.55,13.19,28.60,8.76
A9003za,10yrs,Zone,55352,0.00,79.78,28.37,47.62,1.78,9.11,20.45,23.42,11.78,31.18,10.58
A9004za,01yr,Zone,54257,0.01,67.98,25.64,26.84,13.27,26.46,13.68,22.14,24.12,27.22,13.37
A9004za,05yrs,Zone,54257,0.01,67.98,25.64,26.84,13.27,26.46,13.68,22.14,24.12,27.22,13.37
A9004za,10yrs,Zone,54257,0.01,67.98,25.64,26.84,13.27,27.44,13.47,22.22,22.25,30.18,14.49
A9005za,01yr,Zone,67499,11.25,18.64,5.63,1.64,9.75,16.93,3.92,3.36,63.84,4.28,3.00
A9005za,05yrs,Zone,67499,11.25,18.64,5.63,1.64,9.75,16.93,3.92,3.36,63.84,4.28,3.00
A9005za,10yrs,Zone,67499,11.25,18.64,5.63,1.64,9.75,17.39,3.69,3.11,65.56,3.83,2.75
A9006za,01yr,Zone,54876,0.00,48.61,31.32,5.09,10.37,28.23,6.23,12.26,38.61,8.84,7.21
A9006za,05yrs,Zone,54876,0.00,48.61,31.32,5.09,10.37,28.23,6.23,12.26,38.61,8.84,7.21
A9006za,10yrs,Zone,54876,0.00,48.61,31.32,5.09,10.37,28.52,6.35,12.96,37.14,10.37,8.36
A9007za,01yr,Zone,52004,0.00,93.22,81.77,7.74,2.64,47.29,6.24,36.65,9.52,25.40,29.47
A9007za,05yrs,Zone,52004,0.00,93.22,81.77,7.74,2.64,47.29,6.24,36.65,9.52,25.40,29.47
A9007za,10yrs,Zone,52004,0.00,93.22,81.77,7.74,2.64,46.14,6.72,38.31,9.14,31.36,29.51
A9008za,01yr,Zone,60584,0.00,46.61,19.65,4.30,20.72,33.57,6.05,7.18,45.42,5.85,7.45
A9008za,05yrs,Zone,60584,0.00,46.61,19.65,4.30,20.72,33.57,6.05,7.18,45.42,5.85,7.45
A9008za,10yrs,Zone,60584,0.00,46.61,19.65,4.30,20.72,33.30,5.65,7.46,44.15,5.64,7.21
A9009za,01yr,Zone,56531,0.00,91.84,61.73,26.37,1.69,33.21,17.13,25.82,13.94,21.06,14.09
A9009za,05yrs,Zone,56531,0.00,91.84,61.73,26.37,1.69,33.21,17.13,25.82,13.94,21.06,14.09
A9009za,10yrs,Zone,56531,0.00,91.84,61.73,26.37,1.69,31.58,16.86,27.23,14.32,23.33,16.67
A9010za,01yr,Zone,58112,1.09,16.42,5.86,2.02,6.94,14.74,5.17,2.52,71.14,2.44,2.28
A9010za,05yrs,Zone,58112,1.09,16.42,5.86,2.02,6.94,14.74,5.17,2.52,71.14,2.44,2.28
A9010za,10yrs,Zone,58112,1.09,16.42,5.86,2.02,6.94,15.45,4.26,3.52,68.22,3.70,3.05
A9011za,01yr,Zone,56126,15.81,30.62,10.24,10.88,7.15,10.67,13.04,8.02,31.37,9.25,6.40
A9011za,05yrs,Zone,56126,15.81,30.62,10.24,10.88,7.15,10.67,13.04,8.02,31.37,9.25,6.40
A9011za,10yrs,Zone,56126,15.81,30.62,10.24,10.88,7.15,11.12,11.14,8.47,30.88,8.83,7.26
A9012za,01yr,Zone,59615,0.00,32.67,20.55,3.63,6.85,33.55,5.65,10.49,32.03,10.25,9.90
A9012za,05yrs,Zone,59615,0.00,32.67,20.55,3.63,6.85,33.55,5.65,10.49,32.03,10.25,9.90
A9012za,10yrs,Zone,59615,0.00,32.67,20.55,3.63,6.85,33.14,6.24,11.14,30.02,10.02,10.20
A9013za,01yr,Zone,62031,0.00,42.04,18.42,17.53,4.16,20.77,8.75,9.16,37.99,5.37,5.93
A9013za,05yrs,Zone,62031,0.00,42.04,18.42,17.53,4.16,20.77,8.75,9.16,37.99,5.37,5.93
A9013za,10yrs,Zone,62031,0.00,42.04,18.42,17.53,4.16,21.68,9.37,9.51,35.22,6.64,7.76
A9014za,01yr,Zone,60556,0.00,82.17,66.68,11.68,2.26,51.03,9.44,25.95,11.13,17.15,23.64
A9014za,05yrs,Zone,60556,0.00,82.17,66.68,11.68,2.26,51.03,9.44,25.95,11.13,17.15,23.64
A9014za,10yrs,Zone,60556,0.00,82.17,66.68,11.68,2.26,50.75,8.07,26.23,11.11,17.82,24.01
A9015za,01yr,Zone,56126,41.08,27.55,16.05,8.02,1.53,7.23,11.07,9.70,24.46,8.26,6.44
A9015za,05yrs,Zone,56126,41.08,27.55,16.05,8.02,1.53,7.23,11.07,9.70,24.46,8.26,6.44
A9015za,10yrs,Zone,56126,41.08,27.55,16.05,8.02,1.53,7.82,11.44,11.31,24.03,9.06,8.53
A9016za,01yr,Zone,64120,1.67,60.50,17.52,24.36,15.90,31.92,6.42,8.94,44.23,8.19,10.26
A9016za,05yrs,Zone,64120,1.67,60.50,17.52,24.36,15.90,31.92,6.42,8.94,44.23,8.19,10.26
A9016za,10yrs,Zone,64120,1.67,60.50,17.52,24.36,15.90,30.78,5.98,8.64,43.37,6.96,9.44
A9017za,01yr,Zone,58592,0.00,23.46,14.20,6.34,1.57,7.93,7.10,6.60,35.00,14.02,4.71
A9017za,05yrs,Zone,58592,0.00,23.46,14.20,6.34,1.57,7.93,7.10,6.60,35.00,14.02,4.71
A9017za,10yrs,Zone,58592,0.00,23.46,14.20,6.34,1.57,9.54,7.77,10.46,31.38,13.92,7.52
A9018za,01yr,Zone,58730,0.00,76.64,29.87,11.91,30.89,50.43,6.59,11.49,47.82,16.14,10.92
A9018za,05yrs,Zone,58730,0.00,76.64,29.87,11.91,30.89,50.43,6.59,11.49,47.82,16.14,10.92
A9018za,10yrs,Zone,58730,0.00,76.64,29.87,11.91,30.89,51.30,7.74,12.77,45.65,18.44,13.35
A9019za,01yr,Zone,50913,0.00,51.91,31.67,6.19,11.80,33.85,6.88,11.30,36.33,9.87,11.40
A9019za,05yrs,Zone,50913,0.00,51.91,31.67,6.19,11.80,33.85,6.88,11.30,36.33,9.87,11.40
A9019za,10yrs,Zone,50913,0.00,51.91,31.67,6.19,11.80,30.91,7.14,10.85,34.55,9.25,10.80
A9020za,01yr,Zone,53327,0.00,43.01,25.75,7.52,7.44,29.03,7.36,10.47,37.95,9.83,7.11
A9020za,05yrs,Zone,53327,0.00,43.01,25.75,7.52,7.44,29.03,7.36,10.47,37.95,9.83,7.11
A9020za,10yrs,Zone,53327,0.00,43.01,25.75,7.52,7.44,29.02,7.51,11.31,35.70,12.84,9.85
A9021za,01yr,Zone,58699,0.00,86.26,77.84,1.81,5.49,59.33,8.05,25.11,32.02,20.44,21.93
A9021za,05yrs,Zone,58699,0.00,86.26,77.84,1.81,5.49,59.33,8.05,25.11,32.02,20.44,21.93
A9021za,10yrs,Zone,58699,0.00,86.26,77.84,1.81,5.49,59.37,7.26,26.23,28.17,21.02,23.78
A9022za,01yr,Zone,58179,0.00,50.08,11.76,8.37,27.61,34.23,6.13,8.09,48.42,6.91,6.07
A9022za,05yrs,Zone,58179,0.00,50.08,11.76,8.37,27.61,34.23,6.13,8.09,48.42,6.91,6.07
A9022za,10yrs,Zone,58179,0.00,50.08,11.76,8.37,27.61,34.16,6.21,7.47,48.11,6.36,6.53
A9023za,01yr,Zone,54034,4.05,48.84,5.17,6.44,35.08,40.78,5.24,2.61,68.91,4.63,1.77
A9023za,05yrs,Zone,54034,4.05,48.84,5.17,6.44,35.08,40.78,5.24,2.61,68.91,4.63,1.77
A9023za,10yrs,Zone,54034,4.05,48.84,5.17,6.44,35.08,40.24,5.49,3.56,66.55,4.28,2.97
A9024za,01yr,Zone,50676,34.84,35.20,13.61,17.90,1.05,5.68,15.20,14.63,12.69,11.95,5.94
A9024za,05yrs,Zone,50676,34.84,35.20,13.61,17.90,1.05,5.68,15.20,14.63,12.69,11.95,5.94
A9024za,10yrs,Zone,50676,34.84,35.20,13.61,17.90,1.05,5.07,14.60,16.86,13.28,14.60,7.22
A9025za,01yr,Zone,55669,0.00,25.87,10.49,9.21,4.34,7.87,8.61,7.80,46.91,10.71,4.83
A9025za,05yrs,Zone,55669,0.00,25.87,10.49,9.21,4.34,7.87,8.61,7.80,46.91,10.71,4.83
A9025za,10yrs,Zone,55669,0.00,25.87,10.49,9.21,4.34,8.05,8.46,7.92,44.33,7.98,5.85
A9026za,01yr,Zone,58572,2.54,9.09,4.40,2.07,1.56,5.24,5.39,2.83,58.48,3.11,3.42
A9026za,05yrs,Zone,58572,2.54,9.09,4.40,2.07,1.56,5.24,5.39,2.83,58.48,3.11,3.42
A9026za,10yrs,Zone,58572,2.54,9.09,4.40,2.07,1.56,5.60,5.65,3.16,54.29,4.00,3.98
A9027za,01yr,Zone,53946,5.10,38.58,12.46,11.33,12.14,15.23,10.32,7.55,33.38,8.31,5.57
A9027za,05yrs,Zone,53946,5.10,38.58,12.46,11.33,12.14,15.23,10.32,7.55,33.38,8.31,5.57
A9027za,10yrs,Zone,53946,5.10,38.58,12.46,11.33,12.14,16.43,9.80,9.86,30.75,9.65,8.14
A9028za,01yr,Zone,54334,0.21,12.80,5.66,1.51,4.48,12.37,4.32,3.33,64.05,3.95,2.22
A9028za,05yrs,Zone,54334,0.21,12.80,5.66,1.51,4.48,12.37,4.32,3.33,64.05,3.95,2.22
A9028za,10yrs,Zone,54334,0.21,12.80,5.66,1.51,4.48,13.12,4.46,4.30,59.08,3.55,3.18
A9029za,01yr,Zone,57841,0.00,42.60,6.53,5.18,28.74,33.34,6.39,6.43,59.07,4.62,2.76
A9029za,05yrs,Zone,57841,0.00,42.60,6.53,5.18,28.74,33.34,6.39,6.43,59.07,4.62,2.76
A9029za,10yrs,Zone,57841,0.00,42.60,6.53,5.18,28.74,33.81,5.72,7.22,55.91,3.97,4.04
A9030za,01yr,Zone,59174,0.00,71.89,12.46,55.45,1.79,20.83,13.42,15.08,21.41,24.27,8.03
A9030za,05yrs,Zone,59174,0.00,71.89,12.46,55.45,1.79,20.83,13.42,15.08,21.41,24.27,8.03
A9030za,10yrs,Zone,59174,0.00,71.89,12.46,55.45,1.79,18.95,13.22,15.84,21.39,23.58,9.58
A9031za,01yr,Zone,62920,0.00,31.36,17.62,2.01,9.73,28.88,5.52,8.23,43.21,6.16,6.45
A9031za,05yrs,Zone,62920,0.00,31.36,17.62,2.01,9.73,28.88,5.52,8.23,43.21,6.16,6.45
A9031za,10yrs,Zone,62920,0.00,31.36,17.62,2.01,9.73,29.11,6.25,8.42,42.24,7.30,8.32
A9032za,01yr,Zone,58716,0.00,17.52,4.59,1.65,10.28,16.34,8.02,3.07,59.49,3.67,2.38
A9032za,05yrs,Zone,58716,0.00,17.52,4.59,1.65,10.28,16.34,8.02,3.07,59.49,3.67,2.38
A9032za,10yrs,Zone,58716,0.00,17.52,4.59,1.65,10.28,16.30,6.64,3.89,56.70,2.94,2.98
A9033za,01yr,Zone,52817,0.00,95.84,53.41,40.82,0.39,47.25,6.84,24.68,12.43,26.35,20.64
A9033za,05yrs,Zone,52817,0.00,95.84,53.41,40.82,0.39,47.25,6.84,24.68,12.43,26.35,20.64
A9033za,10yrs,Zone,52817,0.00,95.84,53.41,40.82,0.39,41.61,6.88,25.77,11.07,27.72,20.47
A9034za,01yr,Zone,59050,0.47,26.93,8.03,11.78,4.93,14.28,6.78,5.80,46.15,8.32,7.04
A9034za,05yrs,Zone,59050,0.47,26.93,8.03,11.78,4.93,14.28,6.78,5.80,46.15,8.32,7.04
A9034za,10yrs,Zone,59050,0.47,26.93,8.03,11.78,4.93,15.00,7.13,6.23,43.97,8.77,7.71
A9035za,01yr,Zone,56267,29.03,16.83,7.07,3.57,4.68,12.32,7.60,4.69,46.66,4.76,3.70
A9035za,05yrs,Zone,56267,29.03,16.83,7.07,3.57,4.68,12.32,7.60,4.69,46.66,4.76,3.70
A9035za,10yrs,Zone,56267,29.03,16.83,7.07,3.57,4.68,11.55,7.63,5.10,44.46,4.56,4.19
A9036za,01yr,Zone,54850,0.00,95.01,16.07,74.81,1.45,31.23,8.96,15.59,22.06,17.13,13.74
A9036za,05yrs,Zone,54850,0.00,95.01,16.07,74.81,1.45,31.23,8.96,15.59,22.06,17.13,13.74
A9036za,10yrs,Zone,54850,0.00,95.01,16.07,74.81,1.45,29.90,9.66,15.57,20.25,17.60,14.75
A9037za,01yr,Zone,61313,6.55,39.21,30.18,2.93,4.71,27.07,5.96,12.05,33.47,9.71,11.63
A9037za,05yrs,Zone,61313,6.55,39.21,30.18,2.93,4.71,27.07,5.96,12.05,33.47,9.71,11.63
A9037za,10yrs,Zone,61313,6.55,39.21,30.18,2.93,4.71,26.20,6.24,12.27,33.06,8.10,12.01
A9038za,01yr,Zone,58001,0.15,26.90,8.15,5.64,11.29,15.10,6.45,4.58,51.40,5.03,3.36
A9038za,05yrs,Zone,58001,0.15,26.90,8.15,5.64,11.29,15.10,6.45,4.58,51.40,5.03,3.36
A9038za,10yrs,Zone,58001,0.15,26.90,8.15,5.64,11.29,16.49,6.95,5.15,49.72,5.31,4.39
A9039za,01yr,Zone,62029,6.97,14.68,6.16,0.91,6.31,16.55,7.11,4.33,55.65,3.82,4.09
A9039za,05yrs,Zone,62029,6.97,14.68,6.16,0.91,6.31,16.55,7.11,4.33,55.65,3.82,4.09
A9039za,10yrs,Zone,62029,6.97,14.68,6.16,0.91,6.31,14.83,6.06,4.50,52.70,3.80,4.21
A9040za,01yr,Zone,55353,53.19,12.32,6.88,1.89,2.28,9.98,8.97,5.88,38.36,5.99,4.84
A9040za,05yrs,Zone,55353,53.19,12.32,6.88,1.89,2.28,9.98,8.97,5.88,38.36,5.99,4.84
A9040za,10yrs,Zone,55353,53.19,12.32,6.88,1.89,2.28,9.92,8.75,6.84,35.96,6.22,5.98
A9041za,01yr,Zone,54802,2.53,30.48,15.36,6.44,7.10,19.31,7.96,11.63,43.78,8.94,10.59
A9041za,05yrs,Zone,54802,2.53,30.48,15.36,6.44,7.10,19.31,7.96,11.63,43.78,8.94,10.59
A9041za,10yrs,Zone,54802,2.53,30.48,15.36,6.44,7.10,18.33,7.06,10.92,43.41,8.34,10.18
A9042za,01yr,Zone,58843,0.00,64.23,25.42,33.81,3.10,33.59,7.77,11.81,26.14,8.42,10.92
A9042za,05yrs,Zone,58843,0.00,64.23,25.42,33.81,3.10,33.59,7.77,11.81,26.14,8.42,10.92
A9042za,10yrs,Zone,58843,0.00,64.23,25.42,33.81,3.10,31.79,7.70,12.58,24.82,9.15,11.01
A9043za,01yr,Zone,55362,0.00,96.69,10.51,81.97,2.24,27.10,15.80,15.38,16.29,23.01,10.58
A9043za,05yrs,Zone,55362,0.00,96.69,10.51,81.97,2.24,27.10,15.80,15.38,16.29,23.01,10.58
A9043za,10yrs,Zone,55362,0.00,96.69,10.51,81.97,2.24,25.43,14.41,16.71,14.76,26.79,14.26
A9044za,01yr,Zone,52362,0.00,18.57,14.64,2.98,0.41,9.69,3.56,10.10,34.92,36.20,5.60
A9044za,05yrs,Zone,52362,0.00,18.57,14.64,2.98,0.41,9.69,3.56,10.10,34.92,36.20,5.60
A9044za,10yrs,Zone,52362,0.00,18.57,14.64,2.98,0.41,10.57,4.54,12.53,33.62,36.78,7.42
A9045za,01yr,Zone,57255,5.60,18.57,9.70,4.85,2.64,8.58,6.45,5.44,37.31,7.87,4.14
A9045za,05yrs,Zone,57255,5.60,18.57,9.70,4.85,2.64,8.58,6.45,5.44,37.31,7.87,4.14
A9045za,10yrs,Zone,57255,5.60,18.57,9.70,4.85,2.64,8.64,7.16,6.13,33.97,8.09,5.21
A9046za,01yr,Zone,61525,0.00,22.05,7.95,1.52,11.12,21.56,3.20,2.95,70.29,3.21,2.94
A9046za,05yrs,Zone,61525,0.00,22.05,7.95,1.52,11.12,21.56,3.20,2.95,70.29,3.21,2.94
A9046za,10yrs,Zone,61525,0.00,22.05,7.95,1.52,11.12,23.12,3.87,3.94,66.34,3.50,3.31
A9047za,01yr,Zone,54094,0.42,43.13,20.06,17.75,3.44,14.59,8.62,10.23,38.32,10.94,5.02
A9047za,05yrs,Zone,54094,0.42,43.13,20.06,17.75,3.44,14.59,8.62,10.23,38.32,10.94,5.02
A9047za,10yrs,Zone,54094,0.42,43.13,20.06,17.75,3.44,15.20,9.71,12.10,33.30,12.34,7.79
A9048za,01yr,Zone,55902,0.00,53.15,30.40,2.19,18.06,45.10,5.25,12.29,45.43,8.41,9.19
A9048za,05yrs,Zone,55902,0.00,53.15,30.40,2.19,18.06,45.10,5.25,12.29,45.43,8.41,9.19
A9048za,10yrs,Zone,55902,0.00,53.15,30.40,2.19,18.06,47.04,4.79,13.23,42.94,10.13,13.55
A9049za,01yr,Zone,57901,6.78,19.38,4.43,10.20,2.94,5.43,9.83,6.16,35.05,5.82,5.02
A9049za,05yrs,Zone,57901,6.78,19.38,4.43,10.20,2.94,5.43,9.83,6.16,35.05,5.82,5.02
A9049za,10yrs,Zone,57901,6.78,19.38,4.43,10.20,2.94,5.58,10.04,7.45,32.02,6.07,4.85
A9050za,01yr,Zone,53339,21.35,16.33,7.22,4.78,2.62,9.72,9.41,6.51,32.54,9.51,5.20
A9050za,05yrs,Zone,53339,21.35,16.33,7.22,4.78,2.62,9.72,9.41,6.51,32.54,9.51,5.20
A9050za,10yrs,Zone,53339,21.35,16.33,7.22,4.78,2.62,9.20,10.06,8.63,31.07,9.79,6.14
A9051za,01yr,Zone,60945,0.00,18.88,7.93,1.89,7.76,18.81,5.16,4.42,55.74,3.11,3.75
A9051za,05yrs,Zone,60945,0.00,18.88,7.93,1.89,7.76,18.81,5.16,4.42,55.74,3.11,3.75
A9051za,10yrs,Zone,60945,0.00,18.88,7.93,1.89,7.76,18.93,5.19,5.10,52.64,3.55,4.49
A9052za,01yr,Zone,56278,4.19,33.08,6.84,17.41,6.27,12.49,8.74,7.56,36.44,5.38,4.27
A9052za,05yrs,Zone,56278,4.19,33.08,6.84,17.41,6.27,12.49,8.74,7.56,36.44,5.38,4.27
A9052za,10yrs,Zone,56278,4.19,33.08,6.84,17.41,6.27,11.77,8.24,7.28,36.23,4.84,4.32
A9053za,01yr,Zone,63852,0.00,14.36,5.87,2.61,4.33,11.89,3.89,2.25,68.53,2.42,2.22
A9053za,05yrs,Zone,63852,0.00,14.36,5.87,2.61,4.33,11.89,3.89,2.25,68.53,2.42,2.22
A9053za,10yrs,Zone,63852,0.00,14.36,5.87,2.61,4.33,11.75,4.58,2.83,64.60,2.54,2.57
A9054za,01yr,Zone,55782,4.46,26.45,8.22,4.49,12.07,15.86,7.75,7.29,34.74,5.13,3.87
A9054za,05yrs,Zone,55782,4.46,26.45,8.22,4.49,12.07,15.86,7.75,7.29,34.74,5.13,3.87
A9054za,10yrs,Zone,55782,4.46,26.45,8.22,4.49,12.07,18.53,6.84,6.97,38.76,4.82,4.02
A9055za,01yr,Zone,54769,0.00,74.45,52.63,13.87,6.17,36.05,8.34,33.64,25.37,28.90,18.07
A9055za,05yrs,Zone,54769,0.00,74.45,52.63,13.87,6.17,36.05,8.34,33.64,25.37,28.90,18.07
A9055za,10yrs,Zone,54769,0.00,74.45,52.63,13.87,6.17,36.23,6.69,35.42,23.82,29.87,20.19
A9056za,01yr,Zone,63491,0.00,82.48,76.65,1.78,3.04,51.61,7.76,20.74,34.33,18.84,21.73
A9056za,05yrs,Zone,63491,0.00,82.48,76.65,1.78,3.04,51.61,7.76,20.74,34.33,18.84,21.73
A9056za,10yrs,Zone,63491,0.00,82.48,76.65,1.78,3.04,53.14,7.05,23.36,30.19,19.96,22.86
A9057za,01yr,Zone,53187,2.27,57.19,40.86,12.82,1.67,12.37,16.52,18.07,22.21,14.95,7.08
A9057za,05yrs,Zone,53187,2.27,57.19,40.86,12.82,1.67,12.37,16.52,18.07,22.21,14.95,7.08
A9057za,10yrs,Zone,53187,2.27,57.19,40.86,12.82,1.67,12.70,14.54,20.66,19.74,16.14,9.42
A9058za,01yr,Zone,64956,1.87,41.50,21.99,7.49,10.32,28.98,4.60,8.72,49.45,7.14,8.90
A9058za,05yrs,Zone,64956,1.87,41.50,21.99,7.49,10.32,28.98,4.60,8.72,49.45,7.14,8.90
A9058za,10yrs,Zone,64956,1.87,41.50,21.99,7.49,10.32,27.38,5.48,8.57,47.84,6.37,8.98
A9059za,01yr,Zone,56319,0.00,16.87,8.05,2.86,4.57,9.86,10.61,6.95,34.42,7.26,5.55
A9059za,05yrs,Zone,56319,0.00,16.87,8.05,2.86,4.57,9.86,10.61,6.95,34.42,7.26,5.55
A9059za,10yrs,Zone,56319,0.00,16.87,8.05,2.86,4.57,10.09,10.46,8.59,31.64,7.31,6.10
A9060za,01yr,Zone,61424,0.00,42.30,8.99,21.54,9.18,21.89,6.20,4.23,65.46,5.58,2.86
A9060za,05yrs,Zone,61424,0.00,42.30,8.99,21.54,9.18,21.89,6.20,4.23,65.46,5.58,2.86
A9060za,10yrs,Zone,61424,0.00,42.30,8.99,21.54,9.18,22.62,5.37,4.84,63.39,5.80,4.25
A9061za,01yr,Zone,61251,13.85,31.24,5.67,4.40,19.08,27.35,5.40,3.27,69.96,2.38,2.64
A9061za,05yrs,Zone,61251,13.85,31.24,5.67,4.40,19.08,27.35,5.40,3.27,69.96,2.38,2.64
A9061za,10yrs,Zone,61251,13.85,31.24,5.67,4.40,19.08,25.53,4.82,2.62,68.89,2.92,3.18
A9062za,01yr,Zone,56018,0.00,26.23,4.90,5.82,13.61,18.72,8.33,6.02,56.09,4.88,3.55
A9062za,05yrs,Zone,56018,0.00,26.23,4.90,5.82,13.61,18.72,8.33,6.02,56.09,4.88,3.55
A9062za,10yrs,Zone,56018,0.00,26.23,4.90,5.82,13.61,18.46,7.78,6.19,56.05,5.94,4.13
A9063za,01yr,Zone,60768,0.00,25.73,4.59,11.75,7.39,11.96,7.84,5.27,48.60,7.91,3.61
A9063za,05yrs,Zone,60768,0.00,25.73,4.59,11.75,7.39,11.96,7.84,5.27,48.60,7.91,3.61
A9063za,10yrs,Zone,60768,0.00,25.73,4.59,11.75,7.39,11.96,8.51,5.62,46.13,7.50,4.64
A9064za,01yr,Zone,56767,0.00,33.00,6.86,18.56,4.18,12.95,5.54,2.11,70.69,4.50,2.31
A9064za,05yrs,Zone,56767,0.00,33.00,6.86,18.56,4.18,12.95,5.54,2.11,70.69,4.50,2.31
A9064za,10yrs,Zone,56767,0.00,33.00,6.86,18.56,4.18,13.26,5.14,3.09,69.24,5.35,3.49
A9065za,01yr,Zone,65761,3.68,40.70,12.66,5.41,20.59,32.47,4.39,6.20,57.00,4.52,7.85
A9065za,05yrs,Zone,65761,3.68,40.70,12.66,5.41,20.59,32.47,4.39,6.20,57.00,4.52,7.85
A9065za,10yrs,Zone,65761,3.68,40.70,12.66,5.41,20.59,31.39,4.68,6.70,59.20,5.02,7.64
A9066za,01yr,Zone,59302,0.00,34.74,21.22,8.82,1.68,16.34,6.53,11.09,49.66,11.04,10.49
A9066za,05yrs,Zone,59302,0.00,34.74,21.22,8.82,1.68,16.34,6.53,11.09,49.66,11.04,10.49
A9066za,10yrs,Zone,59302,0.00,34.74,21.22,8.82,1.68,18.48,6.21,12.39,46.73,11.45,13.08
A9067za,01yr,Zone,54654,0.00,84.34,74.07,7.39,1.91,46.72,11.06,29.57,15.18,19.21,18.96
A9067za,05yrs,Zone,54654,0.00,84.34,74.07,7.39,1.91,46.72,11.06,29.57,15.18,19.21,18.96
A9067za,10yrs,Zone,54654,0.00,84.34,74.07,7.39,1.91,43.49,9.89,29.31,15.42,19.29,19.44
A9068za,01yr,Zone,62075,2.33,20.50,8.12,7.76,3.30,14.44,8.43,7.00,33.18,5.36,5.41
A9068za,05yrs,Zone,62075,2.33,20.50,8.12,7.76,3.30,14.44,8.43,7.00,33.18,5.36,5.41
A9068za,10yrs,Zone,62075,2.33,20.50,8.12,7.76,3.30,13.64,8.60,8.13,31.27,6.09,6.26
A9069za,01yr,Zone,57656,4.25,14.59,3.84,6.36,2.78,6.34,10.31,4.90,45.08,9.42,3.33
A9069za,05yrs,Zone,57656,4.25,14.59,3.84,6.36,2.78,6.34,10.31,4.90,45.08,9.42,3.33
A9069za,10yrs,Zone,57656,4.25,14.59,3.84,6.36,2.78,5.57,9.61,4.98,41.06,8.97,4.10
A9070za,01yr,Zone,53810,0.00,86.37,37.69,44.99,1.63,33.85,5.38,19.73,29.64,13.45,18.50
A9070za,05yrs,Zone,53810,0.00,86.37,37.69,44.99,1.63,33.85,5.38,19.73,29.64,13.45,18.50
A9070za,10yrs,Zone,53810,0.00,86.37,37.69,44.99,1.63,35.49,5.40,22.94,25.15,16.47,21.99
A9071za,01yr,Zone,56850,21.25,12.69,7.05,1.52,2.16,11.66,4.92,4.53,40.69,4.58,4.12
A9071za,05yrs,Zone,56850,21.25,12.69,7.05,1.52,2.16,11.66,4.92,4.53,40.69,4.58,4.12
A9071za,10yrs,Zone,56850,21.25,12.69,7.05,1.52,2.16,11.03,6.22,5.99,38.56,4.83,5.17
A9072za,01yr,Zone,59924,6.57,19.40,7.06,5.42,5.03,13.48,7.18,5.09,51.57,4.34,3.23
A9072za,05yrs,Zone,59924,6.57,19.40,7.06,5.42,5.03,13.48,7.18,5.09,51.57,4.34,3.23
A9072za,10yrs,Zone,59924,6.57,19.40,7.06,5.42,5.03,12.28,6.49,5.00,49.30,5.32,4.56
A9073za,01yr,Zone,60349,0.00,21.48,6.79,4.96,7.91,16.70,3.68,2.49,74.34,2.82,2.33
A9073za,05yrs,Zone,60349,0.00,21.48,6.79,4.96,7.91,16.70,3.68,2.49,74.34,2.82,2.33
A9073za,10yrs,Zone,60349,0.00,21.48,6.79,4.96,7.91,16.95,4.23,2.95,70.46,3.12,3.27
A9074za,01yr,Zone,60959,0.00,44.44,14.62,19.05,8.87,31.38,5.81,9.94,45.57,6.74,7.74
A9074za,05yrs,Zone,60959,0.00,44.44,14.62,19.05,8.87,31.38,5.81,9.94,45.57,6.74,7.74
A9074za,10yrs,Zone,60959,0.00,44.44,14.62,19.05,8.87,30.31,5.76,10.36,42.95,6.44,7.71
A9075za,01yr,Zone,53216,21.32,36.49,12.07,17.03,3.63,10.38,10.38,9.48,31.35,8.26,4.19
A9075za,05yrs,Zone,53216,21.32,36.49,12.07,17.03,3.63,10.38,10.38,9.48,31.35,8.26,4.19
A9075za,10yrs,Zone,53216,21.32,36.49,12.07,17.03,3.63,9.86,10.40,9.31,26.75,8.89,4.79
A9076za,01yr,Zone,62740,1.62,33.58,7.70,14.06,9.75,16.91,7.46,6.21,50.92,6.87,4.19
A9076za,05yrs,Zone,62740,1.62,33.58,7.70,14.06,9.75,16.91,7.46,6.21,50.92,6.87,4.19
A9076za,10yrs,Zone,62740,1.62,33.58,7.70,14.06,9.75,18.66,7.24,7.26,47.78,7.16,4.82
A9077za,01yr,Zone,59261,0.00,75.13,54.68,3.67,14.70,49.15,6.98,16.73,40.43,11.38,14.53
A9077za,05yrs,Zone,59261,0.00,75.13,54.68,3.67,14.70,49.15,6.98,16.73,40.43,11.38,14.53
A9077za,10yrs,Zone,59261,0.00,75.13,54.68,3.67,14.70,49.21,7.98,17.84,36.86,13.74,16.07
A9078za,01yr,Zone,59944,0.00,35.29,11.92,7.15,14.21,25.11,7.95,8.28,35.33,6.85,5.36
A9078za,05yrs,Zone,59944,0.00,35.29,11.92,7.15,14.21,25.11,7.95,8.28,35.33,6.85,5.36
A9078za,10yrs,Zone,59944,0.00,35.29,11.92,7.15,14.21,23.93,7.96,9.15,33.18,6.35,6.00
A9079za,01yr,Zone,59723,5.59,22.58,10.56,3.76,6.54,14.02,11.61,6.00,39.99,6.42,4.06
A9079za,05yrs,Zone,59723,5.59,22.58,10.56,3.76,6.54,14.02,11.61,6.00,39.99,6.42,4.06
A9079za,10yrs,Zone,59723,5.59,22.58,10.56,3.76,6.54,14.44,9.06,5.38,41.05,6.10,4.90
A9080za,01yr,Zone,61488,0.00,28.60,7.56,1.69,17.61,24.83,4.32,3.83,58.93,3.51,2.53
A9080za,05yrs,Zone,61488,0.00,28.60,7.56,1.69,17.61,24.83,4.32,3.83,58.93,3.51,2.53
A9080za,10yrs,Zone,61488,0.00,28.60,7.56,1.69,17.61,25.18,4.67,5.41,55.32,3.49,4.10
A9081za,01yr,Zone,59440,0.63,35.80,10.92,7.23,15.31,30.12,6.79,7.40,40.08,6.36,6.15
A9081za,05yrs,Zone,59440,0.63,35.80,10.92,7.23,15.31,30.12,6.79,7.40,40.08,6.36,6.15
A9081za,10yrs,Zone,59440,0.63,35.80,10.92,7.23,15.31,28.43,6.77,7.74,40.27,5.49,6.25
A9082za,01yr,Zone,57121,6.51,10.07,5.97,1.54,1.36,5.29,9.36,5.44,34.96,8.32,3.92
A9082za,05yrs,Zone,57121,6.51,10.07,5.97,1.54,1.36,5.29,9.36,5.44,34.96,8.32,3.92
A9082za,10yrs,Zone,57121,6.51,10.07,5.97,1.54,1.36,5.62,10.09,6.32,32.52,8.27,5.79
A9083za,01yr,Zone,56888,12.08,44.36,7.41,30.95,3.51,8.32,12.07,8.62,27.51,10.00,6.14
A9083za,05yrs,Zone,56888,12.08,44.36,7.41,30.95,3.51,8.32,12.07,8.62,27.51,10.00,6.14
A9083za,10yrs,Zone,56888,12.08,44.36,7.41,30.95,3.51,7.63,11.49,8.29,26.71,9.64,5.93
A9084za,01yr,Zone,55985,21.94,20.67,5.73,10.43,2.24,5.72,10.63,6.31,36.88,6.23,3.89
A9084za,05yrs,Zone,55985,21.94,20.67,5.73,10.43,2.24,5.72,10.63,6.31,36.88,6.23,3.89
A9084za,10yrs,Zone,55985,21.94,20.67,5.73,10.43,2.24,5.59,10.85,6.87,34.54,6.76,4.91
A9085za,01yr,Zone,54510,0.00,62.42,40.03,14.16,0.58,61.63,14.69,28.35,13.85,21.04,40.07
A9085za,05yrs,Zone,54510,0.00,62.42,40.03,14.16,0.58,61.63,14.69,28.35,13.85,21.04,40.07
A9085za,10yrs,Zone,54510,0.00,62.42,40.03,14.16,0.58,56.81,16.21,32.09,13.32,20.99,37.78
A9086za,01yr,Zone,58382,0.00,50.79,11.09,3.73,34.05,46.31,4.24,4.51,65.46,8.27,7.01
A9086za,05yrs,Zone,58382,0.00,50.79,11.09,3.73,34.05,46.31,4.24,4.51,65.46,8.27,7.01
A9086za,10yrs,Zone,58382,0.00,50.79,11.09,3.73,34.05,46.13,3.64,5.01,63.18,8.36,8.67
A9087za,01yr,Zone,72445,44.62,9.99,5.81,1.37,1.35,8.26,8.57,4.50,34.15,5.69,3.60
A9087za,05yrs,Zone,72445,44.62,9.99,5.81,1.37,1.35,8.26,8.57,4.50,34.15,5.69,3.60
A9087za,10yrs,Zone,72445,44.62,9.99,5.81,1.37,1.35,7.40,8.34,5.11,32.29,5.58,5.25
A9088za,01yr,Zone,56808,0.00,31.91,6.89,19.53,3.30,8.19,11.39,6.56,29.47,11.59,5.48
A9088za,05yrs,Zone,56808,0.00,31.91,6.89,19.53,3.30,8.19,11.39,6.56,29.47,11.59,5.48
A9088za,10yrs,Zone,56808,0.00,31.91,6.89,19.53,3.30,8.36,11.54,8.14,26.89,11.24,8.13
A9089za,01yr,Zone,59841,0.00,9.82,6.87,0.79,1.27,9.10,7.49,5.04,38.10,4.06,5.50
A9089za,05yrs,Zone,59841,0.00,9.82,6.87,0.79,1.27,9.10,7.49,5.04,38.10,4.06,5.50
A9089za,10yrs,Zone,59841,0.00,9.82,6.87,0.79,1.27,7.88,7.69,5.44,36.25,4.84,6.48
A9090za,01yr,Zone,57913,0.00,85.48,54.31,27.32,1.70,48.97,9.13,27.51,12.99,16.24,24.57
A9090za,05yrs,Zone,57913,0.00,85.48,54.31,27.32,1.70,48.97,9.13,27.51,12.99,16.24,24.57
A9090za,10yrs,Zone,57913,0.00,85.48,54.31,27.32,1.70,46.97,8.88,28.40,12.31,18.12,24.23
A9091za,01yr,Zone,58650,0.00,80.39,44.71,32.32,1.58,32.06,13.20,28.15,15.23,22.76,17.73
A9091za,05yrs,Zone,58650,0.00,80.39,44.71,32.32,1.58,32.06,13.20,28.15,15.23,22.76,17.73
A9091za,10yrs,Zone,58650,0.00,80.39,44.71,32.32,1.58,30.82,12.95,29.65,13.41,22.36,21.35
A9092za,01yr,Zone,54857,0.00,66.16,8.66,50.13,3.17,14.13,11.25,7.83,25.16,13.46,6.20
A9092za,05yrs,Zone,54857,0.00,66.16,8.66,50.13,3.17,14.13,11.25,7.83,25.16,13.46,6.20
A9092za,10yrs,Zone,54857,0.00,66.16,8.66,50.13,3.17,13.83,12.00,9.24,23.99,11.88,7.53
A9093za,01yr,Zone,60898,0.00,59.50,14.75,7.06,35.21,38.19,6.65,8.92,42.78,5.64,4.56
A9093za,05yrs,Zone,60898,0.00,59.50,14.75,7.06,35.21,38.19,6.65,8.92,42.78,5.64,4.56
A9093za,10yrs,Zone,60898,0.00,59.50,14.75,7.06,35.21,40.76,6.58,9.08,43.24,5.92,6.92
A9094za,01yr,Zone,55357,0.00,42.38,18.99,12.57,8.29,21.85,5.73,6.05,49.55,6.88,5.88
A9094za,05yrs,Zone,55357,0.00,42.38,18.99,12.57,8.29,21.85,5.73,6.05,49.55,6.88,5.88
A9094za,10yrs,Zone,55357,0.00,42.38,18.99,12.57,8.29,21.97,6.13,6.40,46.31,6.95,6.22
A9095za,01yr,Zone,64573,0.00,32.40,5.43,0.91,24.51,26.44,4.01,3.17,68.03,4.14,2.81
A9095za,05yrs,Zone,64573,0.00,32.40,5.43,0.91,24.51,26.44,4.01,3.17,68.03,4.14,2.81
A9095za,10yrs,Zone,64573,0.00,32.40,5.43,0.91,24.51,27.78,3.84,3.77,66.30,4.28,4.06
A9096za,01yr,Zone,55358,0.00,19.06,5.37,8.07,3.15,8.61,8.46,5.54,38.93,6.66,4.62
A9096za,05yrs,Zone,55358,0.00,19.06,5.37,8.07,3.15,8.61,8.46,5.54,38.93,6.66,4.62
A9096za,10yrs,Zone,55358,0.00,19.06,5.37,8.07,3.15,8.23,8.63,5.66,36.49,7.30,5.14
A9097za,01yr,Zone,58113,13.56,28.16,6.07,4.16,15.47,21.77,4.41,2.71,76.31,5.34,1.90
A9097za,05yrs,Zone,58113,13.56,28.16,6.07,4.16,15.47,21.77,4.41,2.71,76.31,5.34,1.90
A9097za,10yrs,Zone,58113,13.56,28.16,6.07,4.16,15.47,22.42,4.27,3.16,76.25,4.88,2.11
A9098za,01yr,Zone,56602,0.00,11.54,5.15,2.54,2.57,6.00,11.89,7.37,31.50,7.55,6.27
A9098za,05yrs,Zone,56602,0.00,11.54,5.15,2.54,2.57,6.00,11.89,7.37,31.50,7.55,6.27
A9098za,10yrs,Zone,56602,0.00,11.54,5.15,2.54,2.57,6.63,11.70,8.44,29.91,8.95,7.15
A9099za,01yr,Zone,54147,0.00,54.58,8.34,12.13,31.41,36.73,4.55,3.87,62.00,13.70,4.24
A9099za,05yrs,Zone,54147,0.00,54.58,8.34,12.13,31.41,36.73,4.55,3.87,62.00,13.70,4.24
A9099za,10yrs,Zone,54147,0.00,54.58,8.34,12.13,31.41,32.42,4.74,5.12,61.03,13.58,4.54
A9100za,01yr,Zone,51748,0.00,90.05,61.28,20.75,6.55,38.45,7.09,28.77,9.49,31.96,21.87
A9100za,05yrs,Zone,51748,0.00,90.05,61.28,20.75,6.55,38.45,7.09,28.77,9.49,31.96,21.87
A9100za,10yrs,Zone,51748,0.00,90.05,61.28,20.75,6.55,36.46,7.12,29.43,9.91,31.40,20.17
A9101za,01yr,Zone,59051,2.97,22.19,5.73,12.62,1.73,6.40,12.11,8.06,26.53,10.54,5.16
A9101za,05yrs,Zone,59051,2.97,22.19,5.73,12.62,1.73,6.40,12.11,8.06,26.53,10.54,5.16
A9101za,10yrs,Zone,59051,2.97,22.19,5.73,12.62,1.73,5.60,12.37,7.90,27.31,10.93,5.85
A9102za,01yr,Zone,58583,0.00,83.54,50.37,26.45,4.98,22.36,16.97,29.74,13.20,23.40,13.52
A9102za,05yrs,Zone,58583,0.00,83.54,50.37,26.45,4.98,22.36,16.97,29.74,13.20,23.40,13.52
A9102za,10yrs,Zone,58583,0.00,83.54,50.37,26.45,4.98,20.49,14.58,28.29,12.85,24.91,14.34
A9103za,01yr,Zone,60565,0.00,55.12,21.39,12.68,18.52,30.98,6.87,11.36,31.07,8.49,5.69
A9103za,05yrs,Zone,60565,0.00,55.12,21.39,12.68,18.52,30.98,6.87,11.36,31.07,8.49,5.69
A9103za,10yrs,Zone,60565,0.00,55.12,21.39,12.68,18.52,30.89,7.17,10.88,29.71,8.46,7.85
A9104za,01yr,Zone,61200,30.35,11.90,5.19,1.20,4.06,14.02,3.99,2.69,68.75,3.49,2.57
A9104za,05yrs,Zone,61200,30.35,11.90,5.19,1.20,4.06,14.02,3.99,2.69,68.75,3.49,2.57
A9104za,10yrs,Zone,61200,30.35,11.90,5.19,1.20,4.06,12.50,4.61,2.77,66.58,3.36,2.56
A9105za,01yr,Zone,53305,0.00,95.40,15.91,75.57,1.35,37.72,10.86,15.96,21.37,20.09,17.38
A9105za,05yrs,Zone,53305,0.00,95.40,15.91,75.57,1.35,37.72,10.86,15.96,21.37,20.09,17.38
A9105za,10yrs,Zone,53305,0.00,95.40,15.91,75.57,1.35,35.06,10.83,16.13,21.28,21.18,18.03
A9106za,01yr,Zone,60562,0.00,19.15,3.93,6.70,6.64,11.93,6.59,3.25,56.04,4.48,2.42
A9106za,05yrs,Zone,60562,0.00,19.15,3.93,6.70,6.64,11.93,6.59,3.25,56.04,4.48,2.42
A9106za,10yrs,Zone,60562,0.00,19.15,3.93,6.70,6.64,10.87,6.16,3.74,54.07,4.20,2.78
A9107za,01yr,Zone,62037,0.66,30.55,9.04,3.77,15.65,28.02,5.31,7.99,51.20,4.46,5.16
A9107za,05yrs,Zone,62037,0.66,30.55,9.04,3.77,15.65,28.02,5.31,7.99,51.20,4.46,5.16
A9107za,10yrs,Zone,62037,0.66,30.55,9.04,3.77,15.65,28.30,5.60,8.19,48.13,5.89,7.74
A9108za,01yr,Zone,55076,1.67,16.95,5.71,1.53,8.03,15.99,6.18,4.11,61.55,2.92,3.04
A9108za,05yrs,Zone,55076,1.67,16.95,5.71,1.53,8.03,15.99,6.18,4.11,61.55,2.92,3.04
A9108za,10yrs,Zone,55076,1.67,16.95,5.71,1.53,8.03,16.27,4.83,3.77,61.79,3.00,3.54
A9109za,01yr,Zone,56969,2.52,28.59,9.65,12.71,4.20,11.55,12.17,10.99,29.40,10.36,9.71
A9109za,05yrs,Zone,56969,2.52,28.59,9.65,12.71,4.20,11.55,12.17,10.99,29.40,10.36,9.71
A9109za,10yrs,Zone,56969,2.52,28.59,9.65,12.71,4.20,10.87,11.36,10.68,28.99,10.03,9.69
A9110za,01yr,Zone,63835,0.00,15.37,6.54,0.87,6.80,13.71,4.19,3.91,62.35,2.87,2.58
A9110za,05yrs,Zone,63835,0.00,15.37,6.54,0.87,6.80,13.71,4.19,3.91,62.35,2.87,2.58
A9110za,10yrs,Zone,63835,0.00,15.37,6.54,0.87,6.80,14.49,4.38,3.84,60.60,3.26,2.88
A9111za,01yr,Zone,56818,0.00,32.30,19.71,3.05,7.47,20.97,4.22,5.11,76.07,8.93,4.30
A9111za,05yrs,Zone,56818,0.00,32.30,19.71,3.05,7.47,20.97,4.22,5.11,76.07,8.93,4.30
A9111za,10yrs,Zone,56818,0.00,32.30,19.71,3.05,7.47,19.84,4.08,6.15,74.95,10.26,4.69
A9112za,01yr,Zone,56587,0.00,64.35,24.29,30.18,7.38,32.56,5.16,7.47,51.48,8.55,8.71
A9112za,05yrs,Zone,56587,0.00,64.35,24.29,30.18,7.38,32.56,5.16,7.47,51.48,8.55,8.71
A9112za,10yrs,Zone,56587,0.00,64.35,24.29,30.18,7.38,30.68,5.07,8.42,49.49,9.50,10.38
A9113za,01yr,Zone,55985,0.00,49.77,32.40,11.83,3.99,34.58,11.39,15.39,19.68,17.21,10.31
A9113za,05yrs,Zone,55985,0.00,49.77,32.40,11.83,3.99,34.58,11.39,15.39,19.68,17.21,10.31
A9113za,10yrs,Zone,55985,0.00,49.77,32.40,11.83,3.99,29.62,8.79,14.90,22.72,15.45,10.73
A9114za,01yr,Zone,59516,0.00,72.58,61.59,1.94,7.47,50.71,4.84,15.27,38.70,10.37,9.83
A9114za,05yrs,Zone,59516,0.00,72.58,61.59,1.94,7.47,50.71,4.84,15.27,38.70,10.37,9.83
A9114za,10yrs,Zone,59516,0.00,72.58,61.59,1.94,7.47,49.97,5.57,16.70,33.52,12.08,13.49
A9115za,01yr,Zone,52454,0.00,49.44,16.51,29.41,1.31,13.71,9.74,9.60,35.97,13.98,8.76
A9115za,05yrs,Zone,52454,0.00,49.44,16.51,29.41,1.31,13.71,9.74,9.60,35.97,13.98,8.76
A9115za,10yrs,Zone,52454,0.00,49.44,16.51,29.41,1.31,14.22,10.84,10.67,33.62,15.96,11.41
A9116za,01yr,Zone,62466,73.27,10.14,4.16,2.67,2.11,7.28,6.83,3.78,52.26,4.22,2.38
A9116za,05yrs,Zone,62466,73.27,10.14,4.16,2.67,2.11,7.28,6.83,3.78,52.26,4.22,2.38
A9116za,10yrs,Zone,62466,73.27,10.14,4.16,2.67,2.11,6.75,6.31,4.33,51.09,3.61,2.63
A9117za,01yr,Zone,56926,0.00,97.46,13.14,81.66,0.50,21.71,14.47,17.56,16.16,30.00,12.36
A9117za,05yrs,Zone,56926,0.00,97.46,13.14,81.66,0.50,21.71,14.47,17.56,16.16,30.00,12.36
A9117za,10yrs,Zone,56926,0.00,97.46,13.14,81.66,0.50,18.84,15.90,18.28,14.38,31.40,13.93
A9118za,01yr,Zone,67319,1.37,30.65,13.88,6.43,8.78,16.31,5.80,4.32,64.85,5.10,4.97
A9118za,05yrs,Zone,67319,1.37,30.65,13.88,6.43,8.78,16.31,5.80,4.32,64.85,5.10,4.97
A9118za,10yrs,Zone,67319,1.37,30.65,13.88,6.43,8.78,18.92,5.42,5.71,61.79,5.09,6.17
A9119za,01yr,Zone,59875,0.00,95.75,10.37,82.30,1.04,33.47,10.03,11.91,25.37,17.29,12.71
A9119za,05yrs,Zone,59875,0.00,95.75,10.37,82.30,1.04,33.47,10.03,11.91,25.37,17.29,12.71
A9119za,10yrs,Zone,59875,0.00,95.75,10.37,82.30,1.04,32.75,9.76,13.80,21.47,19.54,15.80
A9120za,01yr,Zone,55892,0.00,80.81,28.28,40.83,8.85,29.30,8.93,11.38,38.26,20.58,11.40
A9120za,05yrs,Zone,55892,0.00,80.81,28.28,40.83,8.85,29.30,8.93,11.38,38.26,20.58,11.40
A9120za,10yrs,Zone,55892,0.00,80.81,28.28,40.83,8.85,29.93,9.05,14.32,33.54,22.18,14.57
A9121za,01yr,Zone,53811,0.00,93.04,44.10,43.82,2.96,26.59,15.65,24.03,24.17,28.90,13.41
A9121za,05yrs,Zone,53811,0.00,93.04,44.10,43.82,2.96,26.59,15.65,24.03,24.17,28.90,13.41
A9121za,10yrs,Zone,53811,0.00,93.04,44.10,43.82,2.96,24.94,15.48,25.31,21.49,30.42,16.30
A9122za,01yr,Zone,52006,5.60,9.61,2.80,2.39,3.03,6.17,5.58,2.20,55.90,2.81,1.81
A9122za,05yrs,Zone,52006,5.60,9.61,2.80,2.39,3.03,6.17,5.58,2.20,55.90,2.81,1.81
A9122za,10yrs,Zone,52006,5.60,9.61,2.80,2.39,3.03,6.18,6.48,2.72,53.74,2.98,2.42
A9123za,01yr,Zone,60472,1.65,30.88,6.28,15.35,5.94,14.21,7.39,5.14,46.75,6.77,5.82
A9123za,05yrs,Zone,60472,1.65,30.88,6.28,15.35,5.94,14.21,7.39,5.14,46.75,6.77,5.82
A9123za,10yrs,Zone,60472,1.65,30.88,6.28,15.35,5.94,12.79,7.35,5.49,44.45,6.26,5.27
A9124za,01yr,Zone,57597,0.00,67.61,31.45,7.01,27.36,46.44,6.50,11.80,41.28,11.22,11.73
A9124za,05yrs,Zone,57597,0.00,67.61,31.45,7.01,27.36,46.44,6.50,11.80,41.28,11.22,11.73
A9124za,10yrs,Zone,57597,0.00,67.61,31.45,7.01,27.36,45.80,5.42,11.69,40.66,10.47,14.68
A9125za,01yr,Zone,56391,11.20,13.55,6.07,4.10,1.99,8.80,10.92,6.74,28.66,5.93,3.78
A9125za,05yrs,Zone,56391,11.20,13.55,6.07,4.10,1.99,8.80,10.92,6.74,28.66,5.93,3.78
A9125za,10yrs,Zone,56391,11.20,13.55,6.07,4.10,1.99,8.66,12.81,8.63,26.14,6.74,5.54
A9126za,01yr,Zone,56006,0.00,88.04,21.90,43.53,18.18,32.53,8.05,12.28,30.04,21.61,9.36
A9126za,05yrs,Zone,56006,0.00,88.04,21.90,43.53,18.18,32.53,8.05,12.28,30.04,21.61,9.36
A9126za,10yrs,Zone,56006,0.00,88.04,21.90,43.53,18.18,33.48,9.37,13.66,28.97,21.01,12.46
A9127za,01yr,Zone,56710,0.00,55.38,41.87,3.37,7.33,49.12,5.65,15.18,33.37,12.46,15.25
A9127za,05yrs,Zone,56710,0.00,55.38,41.87,3.37,7.33,49.12,5.65,15.18,33.37,12.46,15.25
A9127za,10yrs,Zone,56710,0.00,55.38,41.87,3.37,7.33,47.71,6.56,16.70,30.30,12.67,16.53
A9128za,01yr,Zone,57823,0.00,57.55,11.28,13.65,29.99,38.59,6.83,9.05,57.57,5.56,5.89
A9128za,05yrs,Zone,57823,0.00,57.55,11.28,13.65,29.99,38.59,6.83,9.05,57.57,5.56,5.89
A9128za,10yrs,Zone,57823,0.00,57.55,11.28,13.65,29.99,37.09,6.66,7.83,56.07,5.65,6.06
A9129za,01yr,Zone,59628,0.00,12.43,5.21,0.80,5.09,14.39,4.06,2.87,66.75,2.67,2.30
A9129za,05yrs,Zone,59628,0.00,12.43,5.21,0.80,5.09,14.39,4.06,2.87,66.75,2.67,2.30
A9129za,10yrs,Zone,59628,0.00,12.43,5.21,0.80,5.09,14.00,4.16,2.95,64.04,3.05,2.87
A9130za,01yr,Zone,63259,4.92,7.52,4.46,0.93,1.09,4.85,10.18,5.37,31.00,3.93,3.39
A9130za,05yrs,Zone,63259,4.92,7.52,4.46,0.93,1.09,4.85,10.18,5.37,31.00,3.93,3.39
A9130za,10yrs,Zone,63259,4.92,7.52,4.46,0.93,1.09,4.31,10.02,6.00,29.55,5.37,4.19
A9131za,01yr,Zone,62173,0.00,35.81,21.35,3.22,9.62,38.75,6.71,9.73,32.64,11.02,12.55
A9131za,05yrs,Zone,62173,0.00,35.81,21.35,3.22,9.62,38.75,6.71,9.73,32.64,11.02,12.55
A9131za,10yrs,Zone,62173,0.00,35.81,21.35,3.22,9.62,36.80,6.34,10.41,31.30,10.78,13.88
A9132za,01yr,Zone,55816,0.00,64.24,18.18,7.07,35.91,37.31,3.66,5.04,73.45,8.06,4.95
A9132za,05yrs,Zone,55816,0.00,64.24,18.18,7.07,35.91,37.31,3.66,5.04,73.45,8.06,4.95
A9132za,10yrs,Zone,55816,0.00,64.24,18.18,7.07,35.91,41.43,3.73,6.11,72.30,9.20,6.56
A9133za,01yr,Zone,56320,27.35,21.71,5.57,11.71,2.27,4.69,11.68,9.08,30.50,8.95,5.47
A9133za,05yrs,Zone,56320,27.35,21.71,5.57,11.71,2.27,4.69,11.68,9.08,30.50,8.95,5.47
A9133za,10yrs,Zone,56320,27.35,21.71,5.57,11.71,2.27,5.26,11.28,9.19,31.44,8.80,6.38
A9134za,01yr,Zone,58283,0.00,26.32,14.76,2.75,6.79,25.33,6.20,7.54,41.55,6.80,5.98
A9134za,05yrs,Zone,58283,0.00,26.32,14.76,2.75,6.79,25.33,6.20,7.54,41.55,6.80,5.98
A9134za,10yrs,Zone,58283,0.00,26.32,14.76,2.75,6.79,24.24,6.17,8.08,39.31,6.57,7.10
A9135za,01yr,Zone,60004,0.00,28.20,4.58,8.32,13.17,26.76,4.12,3.69,77.79,4.05,2.78
A9135za,05yrs,Zone,60004,0.00,28.20,4.58,8.32,13.17,26.76,4.12,3.69,77.79,4.05,2.78
A9135za,10yrs,Zone,60004,0.00,28.20,4.58,8.32,13.17,23.95,4.20,3.41,75.96,3.51,2.96
A9136za,01yr,Zone,57718,0.00,68.92,52.78,10.61,3.13,44.92,7.34,15.05,19.42,10.63,14.80
A9136za,05yrs,Zone,57718,0.00,68.92,52.78,10.61,3.13,44.92,7.34,15.05,19.42,10.63,14.80
A9136za,10yrs,Zone,57718,0.00,68.92,52.78,10.61,3.13,43.84,6.31,17.02,17.82,14.88,16.67
A9137za,01yr,Zone,57360,0.91,16.79,4.19,7.48,3.47,6.14,9.12,5.83,33.61,7.16,4.09
A9137za,05yrs,Zone,57360,0.91,16.79,4.19,7.48,3.47,6.14,9.12,5.83,33.61,7.16,4.09
A9137za,10yrs,Zone,57360,0.91,16.79,4.19,7.48,3.47,6.22,9.57,6.08,31.74,6.41,4.56
A9138za,01yr,Zone,61447,2.38,22.65,10.88,2.32,7.87,16.03,4.51,3.35,59.77,3.87,4.19
A9138za,05yrs,Zone,61447,2.38,22.65,10.88,2.32,7.87,16.03,4.51,3.35,59.77,3.87,4.19
A9138za,10yrs,Zone,61447,2.38,22.65,10.88,2.32,7.87,16.15,4.81,4.06,57.61,3.71,4.61
A9139za,01yr,Zone,60938,0.00,9.56,4.95,1.22,2.28,7.21,6.69,2.91,53.41,4.10,2.20
A9139za,05yrs,Zone,60938,0.00,9.56,4.95,1.22,2.28,7.21,6.69,2.91,53.41,4.10,2.20
A9139za,10yrs,Zone,60938,0.00,9.56,4.95,1.22,2.28,7.15,6.57,3.81,50.69,4.39,3.27
A9140za,01yr,Zone,52354,0.00,18.48,10.14,2.56,4.14,9.39,10.92,7.47,31.33,6.48,4.30
A9140za,05yrs,Zone,52354,0.00,18.48,10.14,2.56,4.14,9.39,10.92,7.47,31.33,6.48,4.30
A9140za,10yrs,Zone,52354,0.00,18.48,10.14,2.56,4.14,10.10,10.79,8.27,30.76,8.30,5.19
A9141za,01yr,Zone,65883,27.10,14.28,6.26,2.37,4.35,14.29,6.80,5.58,56.59,3.26,4.06
A9141za,05yrs,Zone,65883,27.10,14.28,6.26,2.37,4.35,14.29,6.80,5.58,56.59,3.26,4.06
A9141za,10yrs,Zone,65883,27.10,14.28,6.26,2.37,4.35,12.79,6.11,5.47,54.24,4.50,4.06
A9142za,01yr,Zone,76820,35.36,12.42,7.04,1.89,2.15,8.30,8.35,4.23,44.47,5.63,3.52
A9142za,05yrs,Zone,76820,35.36,12.42,7.04,1.89,2.15,8.30,8.35,4.23,44.47,5.63,3.52
A9142za,10yrs,Zone,76820,35.36,12.42,7.04,1.89,2.15,8.81,8.21,4.82,41.49,5.44,4.74
A9143za,01yr,Zone,65231,0.00,55.19,27.54,15.12,10.32,40.21,7.80,12.89,37.17,12.00,11.06
A9143za,05yrs,Zone,65231,0.00,55.19,27.54,15.12,10.32,40.21,7.80,12.89,37.17,12.00,11.06
A9143za,10yrs,Zone,65231,0.00,55.19,27.54,15.12,10.32,37.46,7.94,12.48,34.85,11.89,11.81
A9144za,01yr,Zone,65618,0.56,36.77,14.18,4.87,15.82,27.86,6.29,6.95,49.76,5.87,4.71
A9144za,05yrs,Zone,65618,0.56,36.77,14.18,4.87,15.82,27.86,6.29,6.95,49.76,5.87,4.71
A9144za,10yrs,Zone,65618,0.56,36.77,14.18,4.87,15.82,26.90,6.34,6.84,46.15,5.71,6.27
A9145za,01yr,Zone,57823,0.00,11.71,7.22,1.93,1.35,7.96,12.68,6.02,34.59,8.50,4.30
A9145za,05yrs,Zone,57823,0.00,11.71,7.22,1.93,1.35,7.96,12.68,6.02,34.59,8.50,4.30
A9145za,10yrs,Zone,57823,0.00,11.71,7.22,1.93,1.35,8.00,12.43,6.10,32.78,8.30,5.96
A9146za,01yr,Zone,53035,32.55,56.03,26.08,25.43,0.88,10.96,9.45,20.22,13.44,18.69,11.80
A9146za,05yrs,Zone,53035,32.55,56.03,26.08,25.43,0.88,10.96,9.45,20.22,13.44,18.69,11.80
A9146za,10yrs,Zone,53035,32.55,56.03,26.08,25.43,0.88,12.31,10.62,23.07,12.38,20.63,13.81
A9147za,01yr,Zone,58186,0.00,59.05,19.68,30.18,6.91,32.11,6.97,10.35,38.43,6.92,9.76
A9147za,05yrs,Zone,58186,0.00,59.05,19.68,30.18,6.91,32.11,6.97,10.35,38.43,6.92,9.76
A9147za,10yrs,Zone,58186,0.00,59.05,19.68,30.18,6.91,30.45,6.35,10.52,34.63,7.14,9.96
A9148za,01yr,Zone,57604,0.61,11.50,6.54,2.70,1.17,9.04,13.27,8.27,24.69,7.12,5.70
A9148za,05yrs,Zone,57604,0.61,11.50,6.54,2.70,1.17,9.04,13.27,8.27,24.69,7.12,5.70
A9148za,10yrs,Zone,57604,0.61,11.50,6.54,2.70,1.17,7.66,13.49,9.30,22.31,8.05,5.71
B0118za,01yr,Zone,97265,17.45,13.10,6.22,4.36,0.87,4.75,11.40,6.17,35.43,8.96,5.57
B0118za,05yrs,Zone,97265,17.45,13.10,6.22,4.36,0.87,4.75,11.40,6.17,35.43,8.96,5.57
B0118za,10yrs,Zone,97265,17.45,13.10,6.22,4.36,0.87,4.79,10.87,7.74,33.22,9.76,6.12
B0146za,01yr,Zone,66083,45.30,23.22,6.82,13.53,0.84,3.27,14.38,10.14,22.51,12.96,4.79
B0146za,05yrs,Zone,66083,45.30,23.22,6.82,13.53,0.84,3.27,14.38,10.14,22.51,12.96,4.79
B0146za,10yrs,Zone,66083,45.30,23.22,6.82,13.53,0.84,4.09,13.80,11.69,21.65,13.54,6.04
